Id,Status
0,1
1,0
2,0
3,1
4,0
5,1
6,1
7,1
8,1
9,1
10,1
11,0
12,0
13,1
14,0
15,1
16,1
17,0
18,1
19,0
20,1
21,0
22,1
23,1
24,1
25,1
26,0
27,0
28,0
29,0
30,0
31,1
32,0
33,0
34,1
35,0
36,0
37,1
38,0
39,1
40,0
41,0
42,1
43,0
44,0
45,0
46,0
47,0
48,0
49,0
50,1
51,0
52,0
53,0
54,0
55,1
56,0
57,1
58,1
59,1
60,1
61,0
62,1
63,0
64,0
65,1
66,1
67,0
68,0
69,1
70,0
71,0
72,0
73,1
74,1
75,1
76,0
77,1
78,1
79,0
80,1
81,0
82,0
83,0
84,0
85,1
86,0
87,0
88,1
89,0
90,1
91,1
92,1
93,0
94,0
95,1
96,0
97,1
98,1
99,0
100,0
101,1
102,0
103,0
104,0
105,1
106,1
107,1
108,0
109,0
110,0
111,1
112,1
113,0
114,1
115,1
116,0
117,0
118,0
119,0
120,1
121,0
122,0
123,1
124,0
125,0
126,0
127,1
128,0
129,0
130,0
131,0
132,0
133,1
134,1
135,0
136,0
137,0
138,1
139,0
140,1
141,0
142,0
143,1
144,0
145,0
146,1
147,1
148,1
149,0
150,0
151,0
152,0
153,1
154,0
155,0
156,0
157,0
158,1
159,1
160,1
161,1
162,1
163,1
164,0
165,1
166,0
167,0
168,0
169,1
170,0
171,0
172,1
173,0
174,0
175,0
176,0
177,0
178,1
179,0
180,0
181,1
182,0
183,1
184,0
185,0
186,1
187,0
188,0
189,0
190,0
191,0
192,1
193,0
194,0
195,0
196,1
197,0
198,0
199,0
200,1
201,0
202,0
203,0
204,1
205,0
206,0
207,0
208,1
209,0
210,1
211,1
212,0
213,1
214,1
215,0
216,0
217,1
218,0
219,0
220,0
221,1
222,0
223,0
224,0
225,0
226,1
227,1
228,0
229,1
230,1
231,1
232,0
233,0
234,1
235,0
236,1
237,1
238,0
239,0
240,1
241,0
242,0
243,0
244,1
245,0
246,0
247,1
248,0
249,0
250,1
251,0
252,0
253,0
254,1
255,1
256,0
257,1
258,1
259,0
260,1
261,1
262,1
263,0
264,1
265,0
266,0
267,0
268,0
269,1
270,0
271,1
272,0
273,0
274,1
275,1
276,0
277,0
278,1
279,1
280,0
281,0
282,1
283,1
284,1
285,0
286,0
287,0
288,0
289,1
290,0
291,0
292,0
293,0
294,1
295,1
296,0
297,0
298,0
299,1
300,0
301,1
302,0
303,0
304,0
305,1
306,0
307,0
308,0
309,0
310,1
311,1
312,0
313,0
314,1
315,0
316,0
317,1
318,0
319,0
320,1
321,0
322,0
323,0
324,1
325,1
326,1
327,0
328,1
329,0
330,1
331,0
332,1
333,1
334,1
335,0
336,0
337,0
338,0
339,0
340,0
341,0
342,0
343,0
344,1
345,0
346,1
347,1
348,1
349,0
350,1
351,1
352,1
353,0
354,1
355,0
356,1
357,1
358,0
359,0
360,0
361,0
362,0
363,0
364,0
365,1
366,0
367,0
368,1
369,0
370,0
371,0
372,0
373,1
374,0
375,0
376,1
377,0
378,0
379,1
380,0
381,0
382,0
383,0
384,0
385,0
386,0
387,0
388,1
389,0
390,1
391,0
392,1
393,1
394,0
395,1
396,0
397,1
398,0
399,1
400,1
401,1
402,1
403,0
404,0
405,0
406,0
407,0
408,0
409,0
410,0
411,0
412,0
413,0
414,0
415,1
416,1
417,1
418,0
419,0
420,0
421,1
422,1
423,0
424,1
425,1
426,0
427,0
428,1
429,1
430,0
431,1
432,1
433,1
434,1
435,0
436,0
437,0
438,0
439,0
440,1
441,1
442,1
443,0
444,0
445,1
446,1
447,0
448,1
449,0
450,0
451,0
452,1
453,0
454,0
455,0
456,0
457,0
458,1
459,0
460,0
461,0
462,1
463,1
464,0
465,0
466,0
467,0
468,0
469,0
470,0
471,0
472,0
473,0
474,1
475,0
476,0
477,1
478,0
479,0
480,0
481,1
482,0
483,1
484,1
485,1
486,0
487,0
488,1
489,0
490,0
491,0
492,0
493,0
494,0
495,0
496,1
497,0
498,0
499,0
500,0
501,1
502,0
503,0
504,0
505,0
506,0
507,1
508,1
509,0
510,0
511,0
512,0
513,1
514,1
515,0
516,1
517,0
518,1
519,0
520,0
521,0
522,0
523,0
524,1
525,1
526,1
527,0
528,0
529,1
530,1
531,1
532,1
533,0
534,1
535,0
536,1
537,0
538,0
539,1
540,0
541,0
542,0
543,0
544,1
545,1
546,0
547,1
548,0
549,0
550,1
551,0
552,0
553,0
554,1
555,0
556,0
557,0
558,1
559,0
560,1
561,0
562,1
563,0
564,1
565,0
566,1
567,0
568,1
569,0
570,1
571,1
572,1
573,0
574,0
575,1
576,0
577,1
578,0
579,0
580,0
581,1
582,0
583,0
584,0
585,1
586,1
587,0
588,0
589,1
590,0
591,0
592,1
593,1
594,0
595,1
596,1
597,0
598,1
599,1
600,0
601,1
602,1
603,1
604,0
605,0
606,1
607,1
608,0
609,1
610,0
611,0
612,0
613,1
614,0
615,1
616,0
617,1
618,0
619,1
620,0
621,0
622,0
623,1
624,0
625,1
626,1
627,1
628,0
629,0
630,0
631,0
632,1
633,1
634,0
635,1
636,1
637,1
638,1
639,1
640,1
641,1
642,0
643,0
644,1
645,0
646,0
647,1
648,1
649,1
650,0
651,0
652,1
653,0
654,0
655,1
656,1
657,0
658,0
659,1
660,1
661,1
662,0
663,0
664,1
665,1
666,1
667,0
668,0
669,0
670,1
671,0
672,0
673,1
674,0
675,0
676,0
677,1
678,0
679,1
680,0
681,0
682,0
683,1
684,0
685,0
686,0
687,0
688,1
689,1
690,1
691,1
692,1
693,1
694,0
695,1
696,1
697,1
698,0
699,0
700,1
701,0
702,1
703,1
704,1
705,1
706,0
707,0
708,0
709,0
710,0
711,0
712,0
713,0
714,0
715,0
716,0
717,1
718,1
719,1
720,0
721,1
722,0
723,1
724,0
725,1
726,1
727,0
728,1
729,0
730,0
731,0
732,0
733,0
734,0
735,0
736,1
737,1
738,0
739,1
740,1
741,1
742,0
743,1
744,0
745,0
746,0
747,0
748,1
749,0
750,0
751,1
752,1
753,0
754,0
755,0
756,0
757,1
758,1
759,1
760,0
761,0
762,0
763,0
764,0
765,0
766,0
767,1
768,1
769,0
770,1
771,0
772,1
773,1
774,0
775,0
776,0
777,1
778,1
779,0
780,1
781,0
782,1
783,0
784,0
785,0
786,1
787,1
788,1
789,0
790,1
791,1
792,0
793,0
794,0
795,0
796,1
797,0
798,0
799,0
800,1
801,0
802,0
803,0
804,1
805,0
806,0
807,0
808,1
809,0
810,0
811,1
812,1
813,1
814,1
815,0
816,0
817,1
818,0
819,1
820,0
821,1
822,1
823,0
824,1
825,0
826,1
827,1
828,1
829,1
830,0
831,1
832,0
833,1
834,1
835,0
836,0
837,1
838,1
839,1
840,1
841,0
842,1
843,0
844,0
845,0
846,0
847,0
848,0
849,1
850,1
851,0
852,1
853,0
854,0
855,0
856,0
857,0
858,1
859,1
860,0
861,1
862,0
863,1
864,1
865,1
866,1
867,0
868,0
869,0
870,1
871,1
872,1
873,0
874,0
875,1
876,0
877,0
878,1
879,1
880,0
881,1
882,0
883,0
884,1
885,0
886,1
887,1
888,1
889,0
890,1
891,0
892,1
893,0
894,0
895,0
896,1
897,1
898,0
899,0
900,0
901,0
902,0
903,0
904,1
905,0
906,1
907,0
908,1
909,0
910,0
911,0
912,0
913,0
914,0
915,0
916,0
917,0
918,0
919,1
920,1
921,1
922,0
923,1
924,0
925,0
926,0
927,0
928,0
929,1
930,0
931,0
932,1
933,1
934,0
935,0
936,0
937,0
938,0
939,0
940,0
941,0
942,1
943,0
944,0
945,1
946,0
947,1
948,0
949,1
950,1
951,0
952,1
953,0
954,1
955,1
956,0
957,0
958,0
959,0
960,0
961,1
962,0
963,1
964,0
965,0
966,0
967,0
968,1
969,0
970,0
971,0
972,0
973,0
974,0
975,0
976,0
977,1
978,0
979,0
980,0
981,1
982,0
983,1
984,1
985,1
986,0
987,0
988,1
989,1
990,0
991,0
992,1
993,0
994,0
995,1
996,0
997,1
998,0
999,1
1000,0
1001,0
1002,0
1003,0
1004,1
1005,0
1006,0
1007,1
1008,1
1009,0
1010,1
1011,1
1012,1
1013,0
1014,1
1015,1
1016,1
1017,0
1018,0
1019,0
1020,0
1021,0
1022,1
1023,1
1024,1
1025,0
1026,1
1027,1
1028,0
1029,0
1030,1
1031,0
1032,1
1033,0
1034,0
1035,0
1036,1
1037,0
1038,0
1039,1
1040,1
1041,0
1042,1
1043,0
1044,1
1045,0
1046,0
1047,0
1048,0
1049,0
1050,1
1051,1
1052,0
1053,1
1054,0
1055,1
1056,0
1057,0
1058,0
1059,0
1060,0
1061,0
1062,0
1063,1
1064,0
1065,1
1066,0
1067,0
1068,0
1069,0
1070,0
1071,1
1072,1
1073,1
1074,0
1075,0
1076,1
1077,0
1078,0
1079,1
1080,0
1081,1
1082,1
1083,1
1084,0
1085,1
1086,0
1087,0
1088,1
1089,0
1090,0
1091,0
1092,1
1093,0
1094,1
1095,0
1096,0
1097,0
1098,0
1099,0
1100,0
1101,0
1102,0
1103,0
1104,0
1105,0
1106,0
1107,1
1108,1
1109,1
1110,0
1111,0
1112,1
1113,0
1114,1
1115,0
1116,0
1117,1
1118,0
1119,0
1120,0
1121,0
1122,0
1123,1
1124,1
1125,0
1126,1
1127,1
1128,1
1129,0
1130,1
1131,1
1132,0
1133,0
1134,0
1135,1
1136,1
1137,1
1138,0
1139,0
1140,0
1141,0
1142,1
1143,1
1144,1
1145,1
1146,0
1147,0
1148,0
1149,0
1150,0
1151,0
1152,0
1153,1
1154,1
1155,0
1156,0
1157,0
1158,0
1159,1
1160,0
1161,1
1162,0
1163,0
1164,1
1165,1
1166,1
1167,1
1168,0
1169,0
1170,0
1171,0
1172,1
1173,0
1174,0
1175,0
1176,1
1177,1
1178,0
1179,1
1180,0
1181,0
1182,1
1183,0
1184,0
1185,0
1186,0
1187,0
1188,1
1189,1
1190,1
1191,0
1192,0
1193,0
1194,1
1195,1
1196,0
1197,0
1198,1
1199,0
1200,0
1201,1
1202,1
1203,0
1204,0
1205,1
1206,1
1207,0
1208,1
1209,0
1210,1
1211,0
1212,0
1213,1
1214,1
1215,0
1216,0
1217,0
1218,1
1219,0
1220,1
1221,0
1222,1
1223,1
1224,0
1225,1
1226,0
1227,0
1228,0
1229,1
1230,0
1231,0
1232,0
1233,0
1234,1
1235,0
1236,1
1237,0
1238,1
1239,1
1240,0
1241,1
1242,1
1243,1
1244,1
1245,0
1246,0
1247,1
1248,0
1249,0
1250,0
1251,0
1252,0
1253,0
1254,0
1255,0
1256,0
1257,1
1258,1
1259,1
1260,0
1261,1
1262,0
1263,1
1264,0
1265,0
1266,1
1267,0
1268,0
1269,0
1270,0
1271,1
1272,0
1273,0
1274,0
1275,0
1276,0
1277,1
1278,1
1279,0
1280,0
1281,0
1282,1
1283,0
1284,0
1285,0
1286,1
1287,1
1288,0
1289,0
1290,0
1291,1
1292,0
1293,1
1294,1
1295,1
1296,0
1297,1
1298,1
1299,1
1300,1
1301,0
1302,0
1303,0
1304,1
1305,1
1306,0
1307,0
1308,0
1309,1
1310,1
1311,0
1312,0
1313,0
1314,0
1315,0
1316,1
1317,0
1318,0
1319,0
1320,0
1321,0
1322,1
1323,0
1324,1
1325,0
1326,0
1327,1
1328,1
1329,1
1330,1
1331,1
1332,0
1333,0
1334,1
1335,0
1336,1
1337,0
1338,0
1339,0
1340,0
1341,1
1342,1
1343,0
1344,1
1345,0
1346,1
1347,1
1348,0
1349,0
1350,0
1351,1
1352,1
1353,0
1354,1
1355,0
1356,0
1357,1
1358,1
1359,0
1360,0
1361,1
1362,0
1363,0
1364,1
1365,0
1366,1
1367,0
1368,0
1369,1
1370,0
1371,0
1372,0
1373,0
1374,0
1375,0
1376,0
1377,1
1378,0
1379,0
1380,1
1381,0
1382,1
1383,0
1384,0
1385,0
1386,1
1387,1
1388,0
1389,1
1390,1
1391,0
1392,1
1393,1
1394,1
1395,1
1396,0
1397,0
1398,1
1399,0
1400,0
1401,1
1402,0
1403,1
1404,0
1405,0
1406,1
1407,0
1408,1
1409,1
1410,1
1411,1
1412,1
1413,0
1414,0
1415,0
1416,1
1417,1
1418,1
1419,1
1420,0
1421,0
1422,0
1423,1
1424,1
1425,0
1426,0
1427,0
1428,0
1429,1
1430,0
1431,0
1432,1
1433,1
1434,1
1435,1
1436,1
1437,0
1438,0
1439,0
1440,0
1441,1
1442,0
1443,0
1444,1
1445,1
1446,1
1447,1
1448,1
1449,0
1450,1
1451,0
1452,0
1453,1
1454,1
1455,1
1456,1
1457,1
1458,1
1459,0
1460,0
1461,0
1462,0
1463,0
1464,1
1465,1
1466,1
1467,0
1468,0
1469,0
1470,1
1471,1
1472,1
1473,0
1474,0
1475,0
1476,0
1477,1
1478,0
1479,1
1480,0
1481,0
1482,0
1483,1
1484,0
1485,0
1486,1
1487,0
1488,1
1489,1
1490,0
1491,0
1492,1
1493,1
1494,1
1495,1
1496,1
1497,0
1498,1
1499,1
1500,1
1501,0
1502,0
1503,0
1504,0
1505,1
1506,0
1507,0
1508,1
1509,0
1510,1
1511,0
1512,1
1513,0
1514,1
1515,0
1516,0
1517,1
1518,1
1519,1
1520,1
1521,1
1522,0
1523,0
1524,0
1525,1
1526,1
1527,0
1528,0
1529,1
1530,0
1531,0
1532,1
1533,0
1534,0
1535,1
1536,1
1537,0
1538,0
1539,1
1540,0
1541,0
1542,0
1543,1
1544,0
1545,0
1546,1
1547,1
1548,1
1549,0
1550,0
1551,1
1552,0
1553,1
1554,0
1555,0
1556,0
1557,0
1558,0
1559,0
1560,0
1561,0
1562,1
1563,1
1564,1
1565,0
1566,1
1567,1
1568,0
1569,0
1570,0
1571,1
1572,0
1573,0
1574,0
1575,0
1576,0
1577,0
1578,1
1579,1
1580,1
1581,0
1582,0
1583,1
1584,0
1585,1
1586,1
1587,0
1588,0
1589,1
1590,0
1591,0
1592,0
1593,0
1594,0
1595,1
1596,0
1597,0
1598,1
1599,0
1600,1
1601,0
1602,0
1603,0
1604,0
1605,1
1606,0
1607,0
1608,0
1609,1
1610,0
1611,1
1612,0
1613,0
1614,0
1615,0
1616,1
1617,0
1618,0
1619,0
1620,0
1621,1
1622,1
1623,0
1624,1
1625,0
1626,0
1627,1
1628,0
1629,0
1630,0
1631,0
1632,1
1633,0
1634,0
1635,0
1636,1
1637,0
1638,1
1639,0
1640,0
1641,0
1642,0
1643,1
1644,1
1645,1
1646,0
1647,1
1648,0
1649,0
1650,0
1651,1
1652,1
1653,1
1654,1
1655,0
1656,0
1657,1
1658,0
1659,1
1660,0
1661,0
1662,0
1663,0
1664,0
1665,0
1666,1
1667,0
1668,0
1669,1
1670,0
1671,0
1672,1
1673,0
1674,0
1675,0
1676,0
1677,0
1678,1
1679,0
1680,0
1681,1
1682,1
1683,1
1684,0
1685,0
1686,0
1687,1
1688,1
1689,1
1690,0
1691,0
1692,0
1693,0
1694,0
1695,0
1696,0
1697,1
1698,0
1699,1
1700,1
1701,1
1702,1
1703,0
1704,0
1705,0
1706,1
1707,0
1708,0
1709,0
1710,0
1711,1
1712,0
1713,0
1714,1
1715,0
1716,1
1717,0
1718,1
1719,1
1720,1
1721,0
1722,0
1723,1
1724,0
1725,1
1726,0
1727,0
1728,1
1729,0
1730,0
1731,0
1732,0
1733,1
1734,1
1735,1
1736,0
1737,0
1738,0
1739,0
1740,0
1741,1
1742,1
1743,1
1744,0
1745,0
1746,1
1747,0
1748,1
1749,0
1750,1
1751,0
1752,1
1753,0
1754,0
1755,0
1756,0
1757,0
1758,0
1759,0
1760,0
1761,0
1762,0
1763,0
1764,1
1765,0
1766,1
1767,0
1768,1
1769,0
1770,0
1771,1
1772,1
1773,1
1774,1
1775,0
1776,1
1777,1
1778,0
1779,1
1780,0
1781,0
1782,0
1783,1
1784,1
1785,0
1786,0
1787,1
1788,1
1789,0
1790,1
1791,1
1792,0
1793,1
1794,0
1795,0
1796,0
1797,0
1798,0
1799,1
1800,0
1801,0
1802,1
1803,0
1804,0
1805,0
1806,1
1807,0
1808,0
1809,1
1810,1
1811,0
1812,0
1813,0
1814,0
1815,1
1816,1
1817,0
1818,0
1819,0
1820,1
1821,1
1822,0
1823,0
1824,0
1825,0
1826,1
1827,1
1828,0
1829,0
1830,1
1831,0
1832,0
1833,1
1834,0
1835,0
1836,0
1837,0
1838,1
1839,0
1840,1
1841,1
1842,0
1843,0
1844,0
1845,1
1846,1
1847,0
1848,0
1849,0
1850,1
1851,1
1852,1
1853,0
1854,0
1855,0
1856,0
1857,0
1858,0
1859,0
1860,1
1861,1
1862,0
1863,0
1864,0
1865,1
1866,0
1867,0
1868,0
1869,1
1870,1
1871,1
1872,0
1873,1
1874,0
1875,1
1876,0
1877,1
1878,0
1879,0
1880,1
1881,0
1882,0
1883,0
1884,1
1885,0
1886,1
1887,1
1888,0
1889,1
1890,0
1891,0
1892,1
1893,1
1894,0
1895,1
1896,1
1897,0
1898,0
1899,0
1900,0
1901,1
1902,1
1903,0
1904,0
1905,0
1906,1
1907,0
1908,0
1909,0
1910,0
1911,0
1912,1
1913,0
1914,1
1915,1
1916,0
1917,0
1918,1
1919,1
1920,0
1921,0
1922,1
1923,0
1924,1
1925,0
1926,1
1927,1
1928,0
1929,1
1930,1
1931,0
1932,1
1933,0
1934,0
1935,0
1936,1
1937,0
1938,0
1939,0
1940,1
1941,0
1942,1
1943,0
1944,0
1945,1
1946,0
1947,1
1948,0
1949,0
1950,0
1951,0
1952,1
1953,0
1954,0
1955,0
1956,0
1957,0
1958,0
1959,1
1960,0
1961,0
1962,0
1963,1
1964,1
1965,1
1966,0
1967,1
1968,1
1969,0
1970,1
1971,1
1972,1
1973,0
1974,0
1975,1
1976,0
1977,1
1978,1
1979,0
1980,0
1981,0
1982,1
1983,1
1984,1
1985,0
1986,0
1987,0
1988,1
1989,1
1990,1
1991,0
1992,1
1993,1
1994,1
1995,0
1996,0
1997,1
1998,1
1999,1
2000,0
2001,0
2002,1
2003,0
2004,0
2005,1
2006,1
2007,1
2008,0
2009,1
2010,1
2011,1
2012,0
2013,1
2014,0
2015,1
2016,0
2017,0
2018,0
2019,0
2020,1
2021,0
2022,1
2023,0
2024,0
2025,1
2026,0
2027,0
2028,0
2029,1
2030,0
2031,1
2032,0
2033,0
2034,1
2035,0
2036,0
2037,0
2038,1
2039,1
2040,1
2041,0
2042,0
2043,0
2044,0
2045,1
2046,1
2047,1
2048,0
2049,1
2050,1
2051,1
2052,0
2053,0
2054,1
2055,0
2056,0
2057,0
2058,1
2059,1
2060,1
2061,1
2062,1
2063,1
2064,0
2065,0
2066,0
2067,0
2068,1
2069,1
2070,0
2071,0
2072,0
2073,1
2074,1
2075,0
2076,0
2077,0
2078,0
2079,1
2080,1
2081,0
2082,0
2083,1
2084,1
2085,0
2086,1
2087,0
2088,1
2089,0
2090,0
2091,0
2092,1
2093,0
2094,1
2095,0
2096,0
2097,1
2098,1
2099,1
2100,0
2101,0
2102,0
2103,1
2104,0
2105,0
2106,1
2107,1
2108,0
2109,1
2110,0
2111,1
2112,0
2113,1
2114,1
2115,1
2116,1
2117,0
2118,1
2119,1
2120,0
2121,1
2122,1
2123,0
2124,0
2125,0
2126,1
2127,0
2128,0
2129,1
2130,0
2131,0
2132,0
2133,0
2134,0
2135,0
2136,1
2137,1
2138,0
2139,0
2140,1
2141,0
2142,0
2143,0
2144,1
2145,1
2146,1
2147,0
2148,0
2149,0
2150,0
2151,1
2152,0
2153,0
2154,1
2155,1
2156,1
2157,1
2158,0
2159,0
2160,1
2161,0
2162,0
2163,1
2164,0
2165,1
2166,0
2167,0
2168,1
2169,0
2170,0
2171,0
2172,0
2173,0
2174,0
2175,0
2176,0
2177,1
2178,1
2179,0
2180,0
2181,1
2182,0
2183,0
2184,0
2185,1
2186,0
2187,0
2188,0
2189,1
2190,0
2191,0
2192,0
2193,1
2194,1
2195,1
2196,1
2197,0
2198,1
2199,1
2200,1
2201,0
2202,0
2203,0
2204,1
2205,1
2206,1
2207,0
2208,1
2209,1
2210,0
2211,0
2212,1
2213,1
2214,1
2215,1
2216,1
2217,1
2218,1
2219,0
2220,0
2221,1
2222,1
2223,0
2224,1
2225,1
2226,1
2227,0
2228,0
2229,1
2230,1
2231,1
2232,1
2233,0
2234,1
2235,1
2236,0
2237,0
2238,0
2239,1
2240,0
2241,1
2242,0
2243,0
2244,0
2245,0
2246,1
2247,0
2248,1
2249,1
2250,0
2251,0
2252,0
2253,0
2254,0
2255,0
2256,1
2257,0
2258,1
2259,0
2260,1
2261,0
2262,1
2263,1
2264,0
2265,0
2266,1
2267,0
2268,0
2269,1
2270,0
2271,0
2272,0
2273,0
2274,0
2275,0
2276,0
2277,0
2278,1
2279,0
2280,0
2281,0
2282,1
2283,0
2284,1
2285,1
2286,0
2287,0
2288,0
2289,1
2290,0
2291,0
2292,0
2293,1
2294,0
2295,1
2296,0
2297,0
2298,1
2299,0
2300,1
2301,0
2302,0
2303,1
2304,0
2305,0
2306,0
2307,1
2308,0
2309,1
2310,1
2311,1
2312,0
2313,1
2314,0
2315,1
2316,0
2317,1
2318,0
2319,0
2320,0
2321,1
2322,1
2323,0
2324,1
2325,0
2326,1
2327,0
2328,1
2329,0
2330,1
2331,0
2332,0
2333,0
2334,1
2335,0
2336,0
2337,0
2338,1
2339,0
2340,0
2341,1
2342,1
2343,1
2344,0
2345,0
2346,0
2347,0
2348,0
2349,0
2350,0
2351,1
2352,1
2353,0
2354,0
2355,0
2356,1
2357,0
2358,0
2359,0
2360,1
2361,0
2362,1
2363,0
2364,1
2365,1
2366,0
2367,0
2368,1
2369,0
2370,0
2371,0
2372,0
2373,0
2374,0
2375,0
2376,0
2377,1
2378,0
2379,0
2380,1
2381,0
2382,1
2383,1
2384,0
2385,1
2386,1
2387,0
2388,0
2389,0
2390,0
2391,0
2392,0
2393,0
2394,1
2395,1
2396,0
2397,0
2398,0
2399,0
2400,0
2401,0
2402,1
2403,0
2404,0
2405,0
2406,1
2407,0
2408,0
2409,0
2410,0
2411,1
2412,0
2413,1
2414,0
2415,0
2416,0
2417,0
2418,0
2419,0
2420,0
2421,1
2422,1
2423,1
2424,0
2425,0
2426,1
2427,1
2428,0
2429,1
2430,0
2431,1
2432,0
2433,1
2434,0
2435,0
2436,0
2437,0
2438,1
2439,1
2440,0
2441,0
2442,0
2443,1
2444,0
2445,0
2446,0
2447,0
2448,0
2449,1
2450,0
2451,0
2452,0
2453,1
2454,0
2455,1
2456,0
2457,1
2458,1
2459,0
2460,1
2461,1
2462,0
2463,0
2464,0
2465,0
2466,1
2467,0
2468,0
2469,1
2470,1
2471,1
2472,0
2473,0
2474,1
2475,0
2476,0
2477,0
2478,0
2479,0
2480,1
2481,1
2482,1
2483,0
2484,0
2485,0
2486,0
2487,0
2488,0
2489,0
2490,0
2491,0
2492,1
2493,0
2494,1
2495,0
2496,0
2497,0
2498,0
2499,1
2500,0
2501,1
2502,1
2503,0
2504,0
2505,1
2506,0
2507,0
2508,0
2509,0
2510,0
2511,1
2512,0
2513,0
2514,1
2515,0
2516,0
2517,1
2518,0
2519,0
2520,0
2521,0
2522,1
2523,0
2524,0
2525,0
2526,1
2527,1
2528,0
2529,1
2530,0
2531,0
2532,0
2533,1
2534,0
2535,0
2536,0
2537,1
2538,1
2539,1
2540,0
2541,1
2542,0
2543,1
2544,0
2545,0
2546,0
2547,0
2548,0
2549,1
2550,0
2551,1
2552,0
2553,0
2554,0
2555,0
2556,1
2557,1
2558,1
2559,1
2560,0
2561,1
2562,0
2563,0
2564,0
2565,1
2566,0
2567,1
2568,0
2569,0
2570,0
2571,0
2572,1
2573,0
2574,1
2575,0
2576,1
2577,1
2578,0
2579,0
2580,1
2581,0
2582,0
2583,1
2584,1
2585,1
2586,1
2587,0
2588,0
2589,0
2590,1
2591,1
2592,0
2593,0
2594,1
2595,1
2596,1
2597,0
2598,0
2599,1
2600,1
2601,0
2602,1
2603,0
2604,0
2605,1
2606,0
2607,0
2608,0
2609,0
2610,0
2611,0
2612,0
2613,1
2614,0
2615,0
2616,0
2617,0
2618,0
2619,0
2620,0
2621,1
2622,1
2623,1
2624,0
2625,1
2626,0
2627,1
2628,0
2629,0
2630,1
2631,1
2632,0
2633,0
2634,0
2635,0
2636,1
2637,0
2638,1
2639,0
2640,1
2641,0
2642,0
2643,0
2644,1
2645,1
2646,1
2647,0
2648,0
2649,0
2650,1
2651,0
2652,0
2653,0
2654,0
2655,1
2656,0
2657,1
2658,1
2659,0
2660,1
2661,0
2662,0
2663,1
2664,0
2665,1
2666,0
2667,0
2668,1
2669,0
2670,1
2671,1
2672,0
2673,0
2674,0
2675,0
2676,1
2677,0
2678,0
2679,0
2680,0
2681,0
2682,1
2683,0
2684,0
2685,0
2686,0
2687,0
2688,0
2689,0
2690,1
2691,0
2692,1
2693,0
2694,1
2695,1
2696,0
2697,0
2698,1
2699,0
2700,0
2701,0
2702,0
2703,0
2704,1
2705,0
2706,0
2707,1
2708,1
2709,1
2710,1
2711,1
2712,1
2713,0
2714,0
2715,1
2716,1
2717,0
2718,0
2719,0
2720,0
2721,0
2722,1
2723,0
2724,0
2725,0
2726,0
2727,0
2728,0
2729,0
2730,0
2731,0
2732,0
2733,0
2734,1
2735,0
2736,1
2737,1
2738,0
2739,0
2740,0
2741,1
2742,0
2743,1
2744,1
2745,1
2746,1
2747,1
2748,0
2749,1
2750,1
2751,0
2752,0
2753,0
2754,0
2755,1
2756,1
2757,0
2758,1
2759,1
2760,1
2761,1
2762,0
2763,0
2764,0
2765,1
2766,1
2767,1
2768,1
2769,1
2770,1
2771,0
2772,0
2773,0
2774,0
2775,1
2776,0
2777,0
2778,0
2779,0
2780,0
2781,0
2782,1
2783,1
2784,0
2785,0
2786,0
2787,1
2788,0
2789,0
2790,0
2791,0
2792,0
2793,0
2794,0
2795,0
2796,0
2797,0
2798,1
2799,0
2800,0
2801,0
2802,1
2803,0
2804,0
2805,1
2806,0
2807,1
2808,1
2809,0
2810,1
2811,0
2812,0
2813,1
2814,1
2815,1
2816,1
2817,0
2818,1
2819,1
2820,1
2821,0
2822,1
2823,0
2824,1
2825,0
2826,0
2827,0
2828,0
2829,1
2830,0
2831,1
2832,0
2833,1
2834,1
2835,0
2836,1
2837,0
2838,0
2839,1
2840,1
2841,1
2842,0
2843,0
2844,1
2845,0
2846,0
2847,0
2848,1
2849,0
2850,1
2851,0
2852,1
2853,0
2854,0
2855,0
2856,0
2857,0
2858,1
2859,0
2860,1
2861,0
2862,1
2863,0
2864,1
2865,1
2866,0
2867,0
2868,0
2869,1
2870,0
2871,0
2872,0
2873,1
2874,1
2875,1
2876,1
2877,0
2878,0
2879,0
2880,0
2881,1
2882,0
2883,1
2884,1
2885,0
2886,1
2887,0
2888,0
2889,0
2890,0
2891,1
2892,1
2893,0
2894,1
2895,1
2896,0
2897,0
2898,0
2899,1
2900,0
2901,1
2902,1
2903,1
2904,0
2905,0
2906,0
2907,0
2908,1
2909,0
2910,0
2911,0
2912,1
2913,0
2914,0
2915,0
2916,0
2917,1
2918,0
2919,1
2920,1
2921,1
2922,1
2923,0
2924,0
2925,1
2926,0
2927,0
2928,0
2929,1
2930,0
2931,0
2932,0
2933,0
2934,1
2935,0
2936,0
2937,1
2938,0
2939,1
2940,1
2941,0
2942,0
2943,0
2944,1
2945,0
2946,0
2947,0
2948,1
2949,1
2950,0
2951,1
2952,0
2953,0
2954,1
2955,1
2956,0
2957,0
2958,1
2959,0
2960,0
2961,1
2962,0
2963,0
2964,1
2965,0
2966,1
2967,0
2968,0
2969,0
2970,1
2971,0
2972,1
2973,1
2974,0
2975,1
2976,0
2977,0
2978,1
2979,0
2980,0
2981,0
2982,0
2983,0
2984,0
2985,0
2986,1
2987,0
2988,1
2989,0
2990,0
2991,0
2992,0
2993,0
2994,1
2995,0
2996,1
2997,0
2998,1
2999,0
3000,0
3001,0
3002,1
3003,0
3004,0
3005,0
3006,1
3007,0
3008,1
3009,0
3010,0
3011,0
3012,1
3013,1
3014,0
3015,1
3016,0
3017,0
3018,0
3019,0
3020,0
3021,0
3022,0
3023,0
3024,1
3025,0
3026,1
3027,0
3028,0
3029,0
3030,0
3031,1
3032,0
3033,0
3034,1
3035,1
3036,1
3037,0
3038,0
3039,0
3040,0
3041,0
3042,1
3043,0
3044,0
3045,1
3046,1
3047,0
3048,1
3049,1
3050,1
3051,0
3052,0
3053,1
3054,1
3055,0
3056,0
3057,0
3058,1
3059,1
3060,1
3061,1
3062,1
3063,0
3064,0
3065,1
3066,0
3067,1
3068,1
3069,1
3070,1
3071,1
3072,0
3073,0
3074,1
3075,1
3076,0
3077,1
3078,0
3079,1
3080,1
3081,0
3082,0
3083,1
3084,1
3085,0
3086,0
3087,0
3088,0
3089,0
3090,0
3091,0
3092,0
3093,1
3094,0
3095,1
3096,0
3097,0
3098,0
3099,0
3100,1
3101,0
3102,1
3103,1
3104,1
3105,0
3106,0
3107,0
3108,0
3109,1
3110,0
3111,1
3112,1
3113,1
3114,0
3115,0
3116,0
3117,0
3118,0
3119,1
3120,1
3121,1
3122,0
3123,0
3124,0
3125,1
3126,0
3127,1
3128,0
3129,0
3130,1
3131,0
3132,0
3133,0
3134,0
3135,1
3136,0
3137,1
3138,0
3139,0
3140,0
3141,0
3142,0
3143,0
3144,0
3145,0
3146,1
3147,1
3148,1
3149,1
3150,1
3151,0
3152,1
3153,0
3154,0
3155,0
3156,0
3157,0
3158,1
3159,0
3160,1
3161,0
3162,0
3163,1
3164,0
3165,0
3166,1
3167,0
3168,0
3169,0
3170,0
3171,1
3172,0
3173,0
3174,1
3175,0
3176,1
3177,0
3178,0
3179,0
3180,1
3181,0
3182,0
3183,1
3184,1
3185,1
3186,0
3187,1
3188,0
3189,0
3190,1
3191,1
3192,0
3193,1
3194,0
3195,0
3196,1
3197,0
3198,0
3199,0
3200,0
3201,1
3202,0
3203,0
3204,0
3205,1
3206,0
3207,1
3208,0
3209,1
3210,1
3211,0
3212,0
3213,1
3214,0
3215,0
3216,1
3217,0
3218,1
3219,1
3220,0
3221,0
3222,0
3223,0
3224,1
3225,1
3226,0
3227,0
3228,0
3229,1
3230,1
3231,0
3232,1
3233,1
3234,0
3235,0
3236,0
3237,1
3238,0
3239,0
3240,0
3241,1
3242,0
3243,0
3244,0
3245,1
3246,1
3247,1
3248,1
3249,0
3250,0
3251,1
3252,1
3253,0
3254,1
3255,0
3256,1
3257,1
3258,0
3259,1
3260,1
3261,1
3262,1
3263,0
3264,0
3265,0
3266,1
3267,0
3268,0
3269,0
3270,1
3271,0
3272,0
3273,1
3274,1
3275,0
3276,1
3277,1
3278,1
3279,0
3280,0
3281,1
3282,0
3283,1
3284,0
3285,0
3286,1
3287,1
3288,0
3289,1
3290,1
3291,0
3292,0
3293,0
3294,0
3295,1
3296,1
3297,1
3298,1
3299,0
3300,0
3301,1
3302,0
3303,1
3304,1
3305,0
3306,0
3307,0
3308,0
3309,0
3310,0
3311,0
3312,0
3313,1
3314,0
3315,0
3316,0
3317,1
3318,0
3319,0
3320,0
3321,0
3322,1
3323,1
3324,1
3325,1
3326,0
3327,0
3328,1
3329,1
3330,1
3331,0
3332,0
3333,0
3334,0
3335,0
3336,1
3337,0
3338,1
3339,0
3340,0
3341,0
3342,1
3343,0
3344,0
3345,1
3346,0
3347,1
3348,1
3349,0
3350,0
3351,0
3352,1
3353,1
3354,0
3355,1
3356,0
3357,0
3358,1
3359,0
3360,1
3361,0
3362,1
3363,1
3364,1
3365,0
3366,0
3367,1
3368,1
3369,1
3370,1
3371,0
3372,1
3373,1
3374,1
3375,0
3376,1
3377,1
3378,1
3379,0
3380,1
3381,0
3382,0
3383,0
3384,0
3385,0
3386,1
3387,0
3388,1
3389,1
3390,0
3391,0
3392,0
3393,0
3394,1
3395,1
3396,0
3397,0
3398,0
3399,0
3400,0
3401,1
3402,0
3403,0
3404,0
3405,0
3406,0
3407,1
3408,0
3409,1
3410,1
3411,0
3412,0
3413,0
3414,0
3415,0
3416,0
3417,0
3418,0
3419,1
3420,1
3421,1
3422,0
3423,0
3424,0
3425,0
3426,0
3427,1
3428,1
3429,0
3430,0
3431,1
3432,0
3433,0
3434,1
3435,1
3436,0
3437,1
3438,1
3439,0
3440,1
3441,0
3442,0
3443,1
3444,1
3445,0
3446,0
3447,0
3448,1
3449,1
3450,0
3451,1
3452,0
3453,1
3454,0
3455,0
3456,0
3457,1
3458,0
3459,0
3460,1
3461,0
3462,0
3463,0
3464,0
3465,0
3466,0
3467,0
3468,0
3469,0
3470,1
3471,1
3472,0
3473,0
3474,0
3475,1
3476,1
3477,1
3478,0
3479,0
3480,1
3481,0
3482,0
3483,1
3484,0
3485,1
3486,0
3487,0
3488,0
3489,1
3490,0
3491,0
3492,0
3493,1
3494,1
3495,0
3496,0
3497,1
3498,1
3499,0
3500,1
3501,0
3502,1
3503,0
3504,1
3505,0
3506,0
3507,1
3508,1
3509,0
3510,0
3511,0
3512,0
3513,0
3514,1
3515,1
3516,0
3517,1
3518,1
3519,1
3520,0
3521,0
3522,1
3523,0
3524,0
3525,1
3526,0
3527,1
3528,0
3529,1
3530,1
3531,0
3532,1
3533,1
3534,1
3535,1
3536,1
3537,0
3538,1
3539,1
3540,1
3541,0
3542,0
3543,0
3544,1
3545,0
3546,0
3547,0
3548,1
3549,0
3550,0
3551,0
3552,1
3553,1
3554,1
3555,1
3556,0
3557,1
3558,0
3559,1
3560,1
3561,0
3562,0
3563,0
3564,1
3565,0
3566,0
3567,0
3568,0
3569,0
3570,1
3571,0
3572,1
3573,0
3574,0
3575,0
3576,0
3577,1
3578,0
3579,0
3580,1
3581,0
3582,1
3583,0
3584,1
3585,1
3586,0
3587,1
3588,0
3589,0
3590,1
3591,1
3592,1
3593,1
3594,0
3595,0
3596,0
3597,0
3598,0
3599,0
3600,0
3601,0
3602,0
3603,0
3604,0
3605,0
3606,0
3607,0
3608,0
3609,0
3610,0
3611,1
3612,0
3613,0
3614,0
3615,0
3616,1
3617,0
3618,0
3619,0
3620,0
3621,0
3622,1
3623,0
3624,1
3625,0
3626,1
3627,0
3628,0
3629,0
3630,0
3631,1
3632,1
3633,1
3634,1
3635,1
3636,0
3637,0
3638,1
3639,1
3640,0
3641,0
3642,0
3643,1
3644,1
3645,0
3646,1
3647,0
3648,0
3649,0
3650,0
3651,1
3652,0
3653,1
3654,0
3655,0
3656,0
3657,1
3658,1
3659,1
3660,0
3661,0
3662,0
3663,0
3664,0
3665,0
3666,1
3667,1
3668,0
3669,0
3670,1
3671,0
3672,0
3673,1
3674,1
3675,0
3676,0
3677,1
3678,1
3679,0
3680,1
3681,0
3682,1
3683,1
3684,0
3685,0
3686,1
3687,1
3688,0
3689,0
3690,1
3691,1
3692,1
3693,0
3694,0
3695,1
3696,1
3697,0
3698,0
3699,1
3700,0
3701,0
3702,1
3703,0
3704,1
3705,1
3706,0
3707,1
3708,1
3709,0
3710,0
3711,0
3712,1
3713,1
3714,1
3715,1
3716,1
3717,0
3718,1
3719,1
3720,1
3721,1
3722,0
3723,1
3724,1
3725,0
3726,0
3727,0
3728,0
3729,0
3730,1
3731,0
3732,1
3733,1
3734,0
3735,0
3736,1
3737,1
3738,1
3739,0
3740,1
3741,1
3742,0
3743,0
3744,1
3745,1
3746,1
3747,0
3748,1
3749,1
3750,0
3751,0
3752,0
3753,1
3754,0
3755,0
3756,1
3757,0
3758,0
3759,0
3760,1
3761,1
3762,0
3763,1
3764,1
3765,0
3766,1
3767,0
3768,0
3769,1
3770,1
3771,0
3772,0
3773,1
3774,1
3775,1
3776,1
3777,1
3778,0
3779,0
3780,0
3781,1
3782,1
3783,0
3784,1
3785,0
3786,0
3787,1
3788,0
3789,1
3790,0
3791,1
3792,1
3793,1
3794,0
3795,0
3796,0
3797,0
3798,0
3799,0
3800,0
3801,0
3802,0
3803,1
3804,0
3805,1
3806,0
3807,1
3808,1
3809,1
3810,0
3811,1
3812,0
3813,1
3814,0
3815,0
3816,0
3817,1
3818,0
3819,0
3820,1
3821,1
3822,1
3823,0
3824,0
3825,0
3826,0
3827,0
3828,0
3829,1
3830,0
3831,1
3832,0
3833,0
3834,1
3835,0
3836,0
3837,1
3838,0
3839,0
3840,1
3841,1
3842,0
3843,1
3844,1
3845,0
3846,1
3847,1
3848,1
3849,1
3850,1
3851,0
3852,1
3853,0
3854,1
3855,0
3856,0
3857,0
3858,0
3859,0
3860,0
3861,1
3862,1
3863,0
3864,0
3865,0
3866,1
3867,0
3868,0
3869,0
3870,0
3871,1
3872,1
3873,1
3874,0
3875,1
3876,0
3877,0
3878,0
3879,1
3880,0
3881,1
3882,1
3883,0
3884,1
3885,1
3886,1
3887,0
3888,1
3889,0
3890,0
3891,0
3892,0
3893,1
3894,0
3895,0
3896,1
3897,0
3898,1
3899,0
3900,0
3901,0
3902,0
3903,1
3904,1
3905,1
3906,0
3907,1
3908,0
3909,1
3910,1
3911,0
3912,0
3913,0
3914,1
3915,0
3916,1
3917,0
3918,0
3919,0
3920,1
3921,1
3922,0
3923,0
3924,0
3925,0
3926,1
3927,0
3928,0
3929,0
3930,0
3931,0
3932,0
3933,1
3934,0
3935,0
3936,0
3937,0
3938,0
3939,0
3940,1
3941,1
3942,0
3943,1
3944,1
3945,0
3946,0
3947,0
3948,0
3949,0
3950,1
3951,1
3952,0
3953,0
3954,0
3955,1
3956,1
3957,0
3958,0
3959,1
3960,1
3961,1
3962,0
3963,1
3964,0
3965,0
3966,1
3967,0
3968,0
3969,0
3970,0
3971,0
3972,1
3973,0
3974,0
3975,0
3976,0
3977,1
3978,1
3979,0
3980,1
3981,1
3982,0
3983,1
3984,0
3985,0
3986,1
3987,0
3988,0
3989,1
3990,0
3991,0
3992,0
3993,0
3994,1
3995,1
3996,0
3997,1
3998,1
3999,0
4000,1
4001,0
4002,0
4003,1
4004,1
4005,0
4006,1
4007,1
4008,0
4009,1
4010,1
4011,0
4012,0
4013,0
4014,0
4015,0
4016,0
4017,1
4018,0
4019,0
4020,1
4021,1
4022,0
4023,0
4024,1
4025,0
4026,0
4027,1
4028,0
4029,1
4030,1
4031,0
4032,0
4033,1
4034,0
4035,0
4036,1
4037,0
4038,0
4039,0
4040,0
4041,0
4042,1
4043,1
4044,1
4045,1
4046,1
4047,1
4048,0
4049,0
4050,0
4051,0
4052,0
4053,0
4054,1
4055,0
4056,0
4057,0
4058,0
4059,0
4060,1
4061,0
4062,0
4063,0
4064,0
4065,0
4066,0
4067,1
4068,0
4069,1
4070,0
4071,1
4072,0
4073,0
4074,1
4075,1
4076,0
4077,0
4078,0
4079,0
4080,0
4081,0
4082,1
4083,1
4084,1
4085,0
4086,1
4087,0
4088,1
4089,0
4090,1
4091,0
4092,0
4093,1
4094,0
4095,1
4096,1
4097,0
4098,0
4099,0
4100,0
4101,1
4102,1
4103,0
4104,0
4105,0
4106,1
4107,0
4108,0
4109,1
4110,0
4111,1
4112,1
4113,1
4114,1
4115,1
4116,0
4117,1
4118,0
4119,0
4120,0
4121,0
4122,1
4123,0
4124,0
4125,1
4126,0
4127,1
4128,1
4129,0
4130,0
4131,0
4132,0
4133,1
4134,1
4135,1
4136,1
4137,1
4138,0
4139,0
4140,0
4141,1
4142,0
4143,0
4144,0
4145,0
4146,1
4147,0
4148,1
4149,0
4150,1
4151,1
4152,1
4153,0
4154,0
4155,0
4156,0
4157,0
4158,0
4159,1
4160,0
4161,1
4162,0
4163,0
4164,1
4165,1
4166,0
4167,1
4168,1
4169,0
4170,1
4171,0
4172,0
4173,1
4174,1
4175,0
4176,1
4177,1
4178,0
4179,0
4180,1
4181,1
4182,0
4183,0
4184,0
4185,1
4186,1
4187,1
4188,1
4189,1
4190,1
4191,0
4192,0
4193,1
4194,1
4195,0
4196,0
4197,0
4198,0
4199,1
4200,0
4201,0
4202,1
4203,0
4204,0
4205,1
4206,1
4207,0
4208,1
4209,0
4210,1
4211,0
4212,0
4213,0
4214,1
4215,1
4216,1
4217,1
4218,0
4219,1
4220,0
4221,0
4222,0
4223,1
4224,0
4225,0
4226,1
4227,0
4228,0
4229,1
4230,0
4231,0
4232,0
4233,1
4234,1
4235,1
4236,0
4237,1
4238,1
4239,0
4240,0
4241,0
4242,1
4243,0
4244,0
4245,1
4246,1
4247,0
4248,0
4249,1
4250,0
4251,1
4252,0
4253,0
4254,1
4255,1
4256,0
4257,0
4258,0
4259,1
4260,1
4261,0
4262,1
4263,1
4264,1
4265,1
4266,0
4267,0
4268,1
4269,0
4270,1
4271,0
4272,1
4273,1
4274,1
4275,1
4276,1
4277,1
4278,1
4279,0
4280,1
4281,1
4282,1
4283,0
4284,0
4285,0
4286,1
4287,0
4288,1
4289,1
4290,0
4291,1
4292,1
4293,0
4294,1
4295,1
4296,1
4297,0
4298,1
4299,1
4300,1
4301,0
4302,1
4303,0
4304,1
4305,1
4306,0
4307,0
4308,1
4309,0
4310,0
4311,1
4312,0
4313,0
4314,1
4315,0
4316,1
4317,1
4318,0
4319,1
4320,1
4321,0
4322,0
4323,0
4324,1
4325,1
4326,0
4327,1
4328,1
4329,0
4330,0
4331,1
4332,0
4333,1
4334,0
4335,1
4336,0
4337,1
4338,0
4339,1
4340,0
4341,0
4342,0
4343,0
4344,0
4345,1
4346,0
4347,1
4348,0
4349,1
4350,0
4351,1
4352,1
4353,0
4354,1
4355,0
4356,1
4357,0
4358,0
4359,0
4360,0
4361,0
4362,1
4363,1
4364,0
4365,0
4366,0
4367,0
4368,1
4369,1
4370,0
4371,1
4372,0
4373,1
4374,1
4375,1
4376,0
4377,0
4378,0
4379,1
4380,0
4381,1
4382,0
4383,1
4384,1
4385,1
4386,0
4387,1
4388,1
4389,0
4390,0
4391,1
4392,1
4393,0
4394,1
4395,0
4396,0
4397,0
4398,0
4399,0
4400,0
4401,1
4402,0
4403,1
4404,0
4405,0
4406,0
4407,0
4408,0
4409,1
4410,1
4411,1
4412,1
4413,0
4414,0
4415,1
4416,0
4417,1
4418,1
4419,0
4420,1
4421,0
4422,1
4423,0
4424,1
4425,0
4426,0
4427,0
4428,0
4429,0
4430,1
4431,1
4432,0
4433,0
4434,1
4435,1
4436,1
4437,0
4438,0
4439,1
4440,0
4441,0
4442,0
4443,1
4444,1
4445,1
4446,1
4447,0
4448,0
4449,0
4450,0
4451,0
4452,1
4453,1
4454,0
4455,0
4456,0
4457,0
4458,0
4459,0
4460,0
4461,0
4462,0
4463,0
4464,0
4465,1
4466,1
4467,1
4468,0
4469,0
4470,0
4471,0
4472,0
4473,0
4474,1
4475,0
4476,0
4477,0
4478,1
4479,1
4480,1
4481,0
4482,1
4483,1
4484,0
4485,0
4486,1
4487,0
4488,1
4489,1
4490,0
4491,0
4492,1
4493,1
4494,0
4495,0
4496,0
4497,1
4498,0
4499,0
4500,0
4501,1
4502,0
4503,0
4504,1
4505,1
4506,0
4507,0
4508,0
4509,0
4510,0
4511,1
4512,1
4513,0
4514,0
4515,0
4516,0
4517,1
4518,1
4519,1
4520,0
4521,1
4522,0
4523,0
4524,1
4525,1
4526,0
4527,1
4528,0
4529,1
4530,0
4531,0
4532,1
4533,0
4534,1
4535,0
4536,1
4537,0
4538,0
4539,0
4540,0
4541,0
4542,1
4543,0
4544,0
4545,0
4546,0
4547,0
4548,0
4549,0
4550,1
4551,0
4552,0
4553,0
4554,1
4555,1
4556,1
4557,0
4558,1
4559,1
4560,1
4561,0
4562,0
4563,0
4564,0
4565,0
4566,1
4567,1
4568,0
4569,0
4570,1
4571,0
4572,0
4573,0
4574,0
4575,0
4576,1
4577,1
4578,0
4579,1
4580,0
4581,0
4582,0
4583,0
4584,0
4585,0
4586,0
4587,0
4588,0
4589,0
4590,1
4591,0
4592,0
4593,0
4594,0
4595,0
4596,0
4597,0
4598,0
4599,0
4600,1
4601,1
4602,0
4603,1
4604,1
4605,1
4606,0
4607,0
4608,1
4609,0
4610,0
4611,1
4612,0
4613,1
4614,0
4615,0
4616,1
4617,1
4618,0
4619,1
4620,1
4621,1
4622,0
4623,0
4624,1
4625,0
4626,0
4627,0
4628,0
4629,0
4630,0
4631,0
4632,1
4633,0
4634,0
4635,1
4636,1
4637,1
4638,1
4639,0
4640,0
4641,0
4642,0
4643,0
4644,1
4645,1
4646,1
4647,0
4648,0
4649,0
4650,1
4651,1
4652,0
4653,0
4654,0
4655,0
4656,0
4657,0
4658,1
4659,0
4660,0
4661,1
4662,1
4663,1
4664,1
4665,0
4666,0
4667,0
4668,0
4669,1
4670,0
4671,1
4672,0
4673,0
4674,1
4675,1
4676,0
4677,0
4678,1
4679,0
4680,1
4681,0
4682,0
4683,0
4684,0
4685,1
4686,1
4687,1
4688,0
4689,1
4690,1
4691,1
4692,1
4693,0
4694,0
4695,0
4696,0
4697,0
4698,0
4699,0
4700,0
4701,1
4702,0
4703,0
4704,0
4705,0
4706,1
4707,0
4708,1
4709,0
4710,0
4711,1
4712,0
4713,0
4714,1
4715,0
4716,0
4717,0
4718,0
4719,0
4720,0
4721,0
4722,0
4723,0
4724,1
4725,1
4726,0
4727,0
4728,0
4729,0
4730,1
4731,1
4732,0
4733,1
4734,1
4735,0
4736,0
4737,0
4738,1
4739,0
4740,0
4741,1
4742,0
4743,0
4744,1
4745,0
4746,1
4747,1
4748,0
4749,0
4750,1
4751,1
4752,0
4753,1
4754,0
4755,1
4756,0
4757,0
4758,0
4759,1
4760,0
4761,1
4762,1
4763,0
4764,0
4765,1
4766,1
4767,1
4768,0
4769,1
4770,0
4771,0
4772,1
4773,1
4774,0
4775,1
4776,0
4777,0
4778,1
4779,1
4780,0
4781,1
4782,0
4783,0
4784,0
4785,1
4786,1
4787,1
4788,0
4789,1
4790,0
4791,0
4792,0
4793,0
4794,0
4795,0
4796,0
4797,1
4798,0
4799,0
4800,1
4801,0
4802,1
4803,1
4804,0
4805,0
4806,1
4807,0
4808,1
4809,0
4810,0
4811,0
4812,1
4813,0
4814,1
4815,0
4816,0
4817,1
4818,0
4819,1
4820,1
4821,1
4822,0
4823,0
4824,1
4825,0
4826,0
4827,0
4828,0
4829,0
4830,1
4831,0
4832,0
4833,1
4834,0
4835,1
4836,1
4837,0
4838,0
4839,0
4840,0
4841,0
4842,0
4843,0
4844,1
4845,1
4846,1
4847,1
4848,1
4849,1
4850,1
4851,1
4852,1
4853,0
4854,1
4855,1
4856,1
4857,0
4858,0
4859,1
4860,0
4861,1
4862,1
4863,0
4864,1
4865,0
4866,1
4867,0
4868,0
4869,1
4870,0
4871,1
4872,0
4873,0
4874,0
4875,0
4876,0
4877,0
4878,0
4879,0
4880,1
4881,0
4882,1
4883,0
4884,1
4885,1
4886,0
4887,0
4888,0
4889,0
4890,0
4891,0
4892,1
4893,1
4894,1
4895,0
4896,0
4897,0
4898,0
4899,1
4900,0
4901,1
4902,1
4903,1
4904,1
4905,0
4906,0
4907,0
4908,0
4909,1
4910,1
4911,1
4912,1
4913,1
4914,0
4915,1
4916,0
4917,0
4918,1
4919,0
4920,1
4921,0
4922,0
4923,1
4924,0
4925,1
4926,0
4927,0
4928,1
4929,0
4930,1
4931,0
4932,0
4933,1
4934,0
4935,0
4936,0
4937,1
4938,0
4939,0
4940,0
4941,1
4942,0
4943,0
4944,0
4945,0
4946,1
4947,1
4948,1
4949,0
4950,0
4951,0
4952,1
4953,0
4954,0
4955,0
4956,0
4957,0
4958,1
4959,1
4960,0
4961,0
4962,0
4963,0
4964,1
4965,0
4966,0
4967,1
4968,1
4969,0
4970,1
4971,0
4972,1
4973,1
4974,1
4975,1
4976,0
4977,0
4978,0
4979,0
4980,0
4981,1
4982,1
4983,1
4984,0
4985,0
4986,0
4987,1
4988,0
4989,0
4990,1
4991,1
4992,0
4993,1
4994,0
4995,1
4996,1
4997,1
4998,0
4999,1
5000,1
5001,0
5002,1
5003,0
5004,0
5005,0
5006,0
5007,0
5008,0
5009,0
5010,1
5011,0
5012,1
5013,1
5014,0
5015,1
5016,0
5017,1
5018,0
5019,1
5020,1
5021,0
5022,0
5023,0
5024,0
5025,0
5026,1
5027,0
5028,1
5029,1
5030,0
5031,0
5032,0
5033,0
5034,1
5035,1
5036,0
5037,0
5038,1
5039,0
5040,0
5041,0
5042,0
5043,1
5044,0
5045,1
5046,1
5047,0
5048,0
5049,1
5050,1
5051,0
5052,1
5053,1
5054,1
5055,1
5056,0
5057,0
5058,0
5059,0
5060,1
5061,1
5062,0
5063,0
5064,1
5065,1
5066,0
5067,0
5068,0
5069,1
5070,1
5071,0
5072,0
5073,0
5074,1
5075,0
5076,0
5077,1
5078,0
5079,0
5080,0
5081,1
5082,0
5083,1
5084,0
5085,0
5086,0
5087,1
5088,0
5089,0
5090,0
5091,1
5092,0
5093,0
5094,1
5095,1
5096,1
5097,0
5098,0
5099,1
5100,1
5101,0
5102,1
5103,0
5104,1
5105,0
5106,1
5107,0
5108,0
5109,0
5110,1
5111,1
5112,0
5113,0
5114,0
5115,0
5116,0
5117,1
5118,0
5119,0
5120,0
5121,1
5122,1
5123,1
5124,0
5125,1
5126,0
5127,1
5128,0
5129,0
5130,0
5131,0
5132,1
5133,1
5134,0
5135,1
5136,0
5137,1
5138,0
5139,1
5140,0
5141,0
5142,1
5143,0
5144,0
5145,0
5146,1
5147,0
5148,0
5149,0
5150,0
5151,0
5152,1
5153,1
5154,0
5155,0
5156,1
5157,1
5158,0
5159,1
5160,0
5161,1
5162,0
5163,1
5164,0
5165,0
5166,0
5167,0
5168,1
5169,1
5170,0
5171,1
5172,1
5173,0
5174,0
5175,0
5176,1
5177,0
5178,1
5179,1
5180,1
5181,1
5182,1
5183,1
5184,0
5185,1
5186,0
5187,1
5188,1
5189,1
5190,1
5191,1
5192,0
5193,0
5194,0
5195,0
5196,0
5197,0
5198,1
5199,0
5200,0
5201,0
5202,0
5203,1
5204,0
5205,1
5206,0
5207,0
5208,1
5209,0
5210,0
5211,0
5212,0
5213,0
5214,0
5215,1
5216,0
5217,0
5218,1
5219,0
5220,0
5221,0
5222,0
5223,1
5224,0
5225,1
5226,1
5227,0
5228,0
5229,1
5230,0
5231,0
5232,0
5233,0
5234,0
5235,0
5236,0
5237,0
5238,0
5239,1
5240,1
5241,0
5242,0
5243,1
5244,0
5245,0
5246,0
5247,0
5248,0
5249,0
5250,0
5251,1
5252,0
5253,0
5254,0
5255,0
5256,0
5257,0
5258,0
5259,1
5260,0
5261,0
5262,1
5263,1
5264,0
5265,0
5266,0
5267,0
5268,1
5269,0
5270,1
5271,0
5272,0
5273,0
5274,0
5275,1
5276,0
5277,1
5278,0
5279,0
5280,0
5281,1
5282,1
5283,1
5284,1
5285,0
5286,1
5287,1
5288,0
5289,1
5290,0
5291,0
5292,1
5293,1
5294,1
5295,1
5296,0
5297,0
5298,0
5299,0
5300,1
5301,0
5302,0
5303,0
5304,1
5305,1
5306,0
5307,1
5308,1
5309,0
5310,1
5311,0
5312,1
5313,0
5314,1
5315,0
5316,0
5317,0
5318,1
5319,1
5320,1
5321,1
5322,1
5323,0
5324,0
5325,0
5326,1
5327,0
5328,0
5329,0
5330,0
5331,0
5332,1
5333,0
5334,0
5335,0
5336,0
5337,0
5338,1
5339,0
5340,0
5341,1
5342,1
5343,0
5344,1
5345,0
5346,0
5347,1
5348,1
5349,1
5350,0
5351,0
5352,1
5353,0
5354,0
5355,0
5356,1
5357,0
5358,1
5359,0
5360,1
5361,1
5362,1
5363,1
5364,1
5365,0
5366,1
5367,1
5368,0
5369,0
5370,1
5371,1
5372,1
5373,1
5374,1
5375,0
5376,0
5377,0
5378,0
5379,0
5380,0
5381,1
5382,0
5383,0
5384,1
5385,0
5386,1
5387,1
5388,0
5389,0
5390,1
5391,1
5392,1
5393,0
5394,0
5395,0
5396,1
5397,1
5398,1
5399,1
5400,0
5401,0
5402,0
5403,1
5404,0
5405,1
5406,0
5407,1
5408,0
5409,0
5410,0
5411,1
5412,1
5413,0
5414,1
5415,1
5416,0
5417,1
5418,1
5419,1
5420,1
5421,1
5422,1
5423,0
5424,0
5425,0
5426,1
5427,1
5428,0
5429,1
5430,1
5431,0
5432,1
5433,0
5434,0
5435,1
5436,1
5437,0
5438,0
5439,0
5440,0
5441,0
5442,0
5443,0
5444,1
5445,0
5446,1
5447,1
5448,0
5449,0
5450,0
5451,0
5452,0
5453,0
5454,1
5455,1
5456,1
5457,0
5458,1
5459,1
5460,1
5461,0
5462,0
5463,0
5464,1
5465,1
5466,1
5467,0
5468,0
5469,1
5470,0
5471,0
5472,0
5473,1
5474,0
5475,0
5476,0
5477,0
5478,1
5479,0
5480,1
5481,0
5482,1
5483,0
5484,1
5485,1
5486,0
5487,0
5488,0
5489,0
5490,0
5491,1
5492,0
5493,1
5494,0
5495,0
5496,0
5497,1
5498,0
5499,0
5500,1
5501,1
5502,1
5503,0
5504,0
5505,0
5506,1
5507,0
5508,0
5509,1
5510,0
5511,1
5512,0
5513,1
5514,0
5515,0
5516,0
5517,0
5518,1
5519,0
5520,0
5521,0
5522,1
5523,0
5524,0
5525,1
5526,1
5527,1
5528,1
5529,0
5530,0
5531,0
5532,0
5533,0
5534,0
5535,0
5536,0
5537,1
5538,0
5539,0
5540,1
5541,1
5542,1
5543,1
5544,1
5545,1
5546,1
5547,0
5548,0
5549,0
5550,0
5551,1
5552,0
5553,0
5554,0
5555,0
5556,1
5557,0
5558,0
5559,1
5560,0
5561,0
5562,1
5563,0
5564,0
5565,0
5566,1
5567,0
5568,0
5569,1
5570,1
5571,0
5572,0
5573,1
5574,1
5575,1
5576,0
5577,0
5578,1
5579,0
5580,0
5581,0
5582,1
5583,1
5584,0
5585,1
5586,0
5587,1
5588,0
5589,0
5590,0
5591,1
5592,0
5593,0
5594,1
5595,1
5596,0
5597,1
5598,0
5599,1
5600,0
5601,1
5602,0
5603,1
5604,1
5605,0
5606,0
5607,0
5608,1
5609,0
5610,1
5611,0
5612,1
5613,0
5614,1
5615,0
5616,0
5617,0
5618,1
5619,0
5620,0
5621,0
5622,0
5623,0
5624,0
5625,0
5626,0
5627,0
5628,0
5629,1
5630,1
5631,0
5632,0
5633,1
5634,0
5635,0
5636,0
5637,0
5638,0
5639,0
5640,0
5641,0
5642,0
5643,1
5644,0
5645,0
5646,0
5647,1
5648,1
5649,0
5650,0
5651,0
5652,0
5653,1
5654,1
5655,1
5656,0
5657,1
5658,0
5659,0
5660,0
5661,0
5662,0
5663,1
5664,1
5665,1
5666,0
5667,0
5668,0
5669,0
5670,1
5671,0
5672,1
5673,1
5674,1
5675,0
5676,1
5677,1
5678,0
5679,0
5680,1
5681,1
5682,0
5683,0
5684,1
5685,0
5686,1
5687,0
5688,0
5689,0
5690,1
5691,1
5692,1
5693,0
5694,1
5695,1
5696,1
5697,0
5698,0
5699,1
5700,0
5701,1
5702,0
5703,0
5704,1
5705,0
5706,0
5707,1
5708,1
5709,0
5710,1
5711,1
5712,1
5713,0
5714,0
5715,0
5716,0
5717,0
5718,0
5719,1
5720,0
5721,1
5722,1
5723,0
5724,0
5725,0
5726,1
5727,1
5728,0
5729,1
5730,0
5731,1
5732,1
5733,0
5734,0
5735,0
5736,0
5737,0
5738,0
5739,1
5740,1
5741,0
5742,0
5743,1
5744,0
5745,1
5746,0
5747,1
5748,1
5749,0
5750,1
5751,1
5752,0
5753,1
5754,0
5755,1
5756,1
5757,1
5758,1
5759,0
5760,1
5761,1
5762,0
5763,0
5764,0
5765,0
5766,0
5767,1
5768,0
5769,0
5770,1
5771,0
5772,0
5773,0
5774,0
5775,1
5776,1
5777,1
5778,0
5779,0
5780,0
5781,1
5782,0
5783,1
5784,1
5785,0
5786,1
5787,0
5788,1
5789,1
5790,0
5791,0
5792,1
5793,0
5794,1
5795,0
5796,1
5797,1
5798,0
5799,1
5800,0
5801,1
5802,0
5803,1
5804,1
5805,1
5806,0
5807,0
5808,0
5809,0
5810,0
5811,0
5812,1
5813,0
5814,0
5815,1
5816,0
5817,0
5818,1
5819,0
5820,1
5821,1
5822,1
5823,0
5824,1
5825,0
5826,0
5827,1
5828,1
5829,0
5830,1
5831,0
5832,1
5833,1
5834,0
5835,0
5836,0
5837,0
5838,1
5839,0
5840,1
5841,0
5842,0
5843,0
5844,0
5845,1
5846,0
5847,1
5848,1
5849,0
5850,0
5851,1
5852,0
5853,0
5854,0
5855,1
5856,0
5857,0
5858,0
5859,0
5860,0
5861,1
5862,0
5863,0
5864,0
5865,1
5866,0
5867,1
5868,0
5869,0
5870,0
5871,0
5872,1
5873,0
5874,0
5875,0
5876,1
5877,0
5878,1
5879,0
5880,0
5881,0
5882,0
5883,0
5884,0
5885,0
5886,0
5887,1
5888,0
5889,0
5890,0
5891,1
5892,0
5893,0
5894,0
5895,0
5896,0
5897,0
5898,1
5899,1
5900,1
5901,1
5902,1
5903,0
5904,0
5905,0
5906,0
5907,1
5908,0
5909,0
5910,0
5911,1
5912,0
5913,0
5914,1
5915,0
5916,1
5917,0
5918,0
5919,1
5920,0
5921,1
5922,1
5923,1
5924,1
5925,0
5926,1
5927,1
5928,1
5929,0
5930,0
5931,0
5932,1
5933,1
5934,1
5935,0
5936,1
5937,0
5938,0
5939,1
5940,1
5941,0
5942,1
5943,1
5944,0
5945,1
5946,1
5947,0
5948,0
5949,0
5950,1
5951,0
5952,0
5953,0
5954,0
5955,0
5956,0
5957,0
5958,0
5959,0
5960,1
5961,1
5962,1
5963,0
5964,1
5965,1
5966,1
5967,0
5968,0
5969,0
5970,0
5971,0
5972,1
5973,0
5974,1
5975,0
5976,0
5977,0
5978,0
5979,0
5980,0
5981,0
5982,0
5983,1
5984,0
5985,1
5986,0
5987,1
5988,0
5989,1
5990,0
5991,0
5992,0
5993,1
5994,1
5995,0
5996,1
5997,1
5998,0
5999,1
6000,1
6001,1
6002,0
6003,0
6004,0
6005,1
6006,0
6007,0
6008,0
6009,0
6010,0
6011,0
6012,1
6013,0
6014,0
6015,1
6016,0
6017,0
6018,1
6019,0
6020,0
6021,0
6022,0
6023,0
6024,1
6025,0
6026,0
6027,1
6028,0
6029,0
6030,1
6031,0
6032,1
6033,1
6034,1
6035,1
6036,0
6037,0
6038,1
6039,0
6040,1
6041,1
6042,0
6043,0
6044,1
6045,1
6046,0
6047,1
6048,1
6049,0
6050,0
6051,0
6052,0
6053,0
6054,0
6055,1
6056,0
6057,1
6058,0
6059,1
6060,0
6061,0
6062,1
6063,0
6064,0
6065,0
6066,1
6067,0
6068,0
6069,1
6070,1
6071,0
6072,0
6073,0
6074,1
6075,1
6076,0
6077,0
6078,0
6079,0
6080,0
6081,0
6082,0
6083,0
6084,0
6085,1
6086,0
6087,1
6088,0
6089,0
6090,0
6091,0
6092,0
6093,1
6094,0
6095,0
6096,0
6097,0
6098,0
6099,0
6100,0
6101,0
6102,0
6103,1
6104,0
6105,0
6106,0
6107,0
6108,0
6109,1
6110,1
6111,1
6112,0
6113,1
6114,0
6115,0
6116,0
6117,0
6118,0
6119,1
6120,0
6121,0
6122,0
6123,1
6124,1
6125,1
6126,1
6127,0
6128,1
6129,0
6130,0
6131,0
6132,1
6133,0
6134,1
6135,0
6136,1
6137,0
6138,1
6139,1
6140,1
6141,0
6142,0
6143,0
6144,1
6145,1
6146,1
6147,1
6148,0
6149,1
6150,0
6151,0
6152,1
6153,0
6154,1
6155,0
6156,1
6157,1
6158,1
6159,0
6160,1
6161,1
6162,1
6163,0
6164,0
6165,0
6166,0
6167,1
6168,0
6169,1
6170,1
6171,0
6172,0
6173,0
6174,0
6175,0
6176,0
6177,0
6178,0
6179,1
6180,1
6181,0
6182,0
6183,0
6184,1
6185,1
6186,0
6187,1
6188,1
6189,1
6190,0
6191,1
6192,0
6193,1
6194,1
6195,0
6196,0
6197,0
6198,0
6199,1
6200,1
6201,0
6202,0
6203,0
6204,1
6205,0
6206,0
6207,0
6208,0
6209,0
6210,0
6211,1
6212,0
6213,1
6214,0
6215,1
6216,0
6217,0
6218,0
6219,0
6220,1
6221,1
6222,1
6223,1
6224,1
6225,1
6226,1
6227,1
6228,1
6229,0
6230,1
6231,0
6232,0
6233,1
6234,1
6235,0
6236,1
6237,0
6238,1
6239,0
6240,0
6241,1
6242,1
6243,0
6244,1
6245,0
6246,0
6247,1
6248,0
6249,0
6250,1
6251,1
6252,0
6253,1
6254,1
6255,0
6256,1
6257,1
6258,1
6259,0
6260,1
6261,0
6262,0
6263,1
6264,0
6265,0
6266,1
6267,0
6268,0
6269,0
6270,1
6271,1
6272,0
6273,0
6274,1
6275,0
6276,1
6277,0
6278,1
6279,0
6280,1
6281,0
6282,1
6283,0
6284,0
6285,0
6286,0
6287,0
6288,1
6289,0
6290,0
6291,0
6292,0
6293,1
6294,0
6295,1
6296,0
6297,1
6298,0
6299,0
6300,0
6301,0
6302,0
6303,0
6304,1
6305,0
6306,1
6307,0
6308,0
6309,0
6310,1
6311,1
6312,0
6313,0
6314,0
6315,0
6316,0
6317,1
6318,1
6319,1
6320,0
6321,1
6322,0
6323,1
6324,1
6325,0
6326,0
6327,0
6328,0
6329,1
6330,0
6331,0
6332,1
6333,1
6334,0
6335,0
6336,1
6337,1
6338,0
6339,0
6340,0
6341,0
6342,1
6343,0
6344,0
6345,1
6346,0
6347,1
6348,1
6349,0
6350,1
6351,0
6352,0
6353,0
6354,0
6355,0
6356,1
6357,0
6358,0
6359,1
6360,0
6361,1
6362,0
6363,0
6364,0
6365,1
6366,1
6367,0
6368,0
6369,0
6370,0
6371,1
6372,0
6373,0
6374,0
6375,1
6376,0
6377,0
6378,1
6379,0
6380,1
6381,1
6382,1
6383,1
6384,0
6385,0
6386,1
6387,1
6388,0
6389,0
6390,0
6391,1
6392,1
6393,1
6394,0
6395,0
6396,0
6397,0
6398,0
6399,0
6400,0
6401,0
6402,0
6403,1
6404,0
6405,1
6406,0
6407,0
6408,1
6409,1
6410,0
6411,1
6412,0
6413,0
6414,1
6415,1
6416,1
6417,1
6418,0
6419,0
6420,1
6421,1
6422,0
6423,1
6424,0
6425,1
6426,1
6427,0
6428,0
6429,1
6430,0
6431,0
6432,0
6433,0
6434,0
6435,0
6436,1
6437,0
6438,0
6439,1
6440,1
6441,1
6442,0
6443,1
6444,0
6445,1
6446,0
6447,1
6448,0
6449,0
6450,1
6451,0
6452,0
6453,0
6454,0
6455,0
6456,1
6457,1
6458,0
6459,0
6460,0
6461,0
6462,0
6463,1
6464,1
6465,0
6466,0
6467,0
6468,0
6469,1
6470,0
6471,0
6472,1
6473,0
6474,1
6475,0
6476,0
6477,1
6478,0
6479,0
6480,0
6481,1
6482,0
6483,1
6484,1
6485,1
6486,1
6487,1
6488,0
6489,1
6490,0
6491,1
6492,1
6493,0
6494,1
6495,1
6496,0
6497,1
6498,0
6499,0
6500,1
6501,0
6502,1
6503,0
6504,1
6505,0
6506,0
6507,0
6508,0
6509,0
6510,0
6511,0
6512,0
6513,0
6514,0
6515,0
6516,1
6517,1
6518,0
6519,0
6520,0
6521,1
6522,0
6523,1
6524,0
6525,1
6526,0
6527,1
6528,1
6529,0
6530,1
6531,1
6532,0
6533,0
6534,1
6535,1
6536,0
6537,0
6538,0
6539,0
6540,0
6541,1
6542,0
6543,0
6544,1
6545,1
6546,0
6547,0
6548,0
6549,0
6550,1
6551,0
6552,1
6553,1
6554,1
6555,0
6556,0
6557,1
6558,0
6559,0
6560,1
6561,0
6562,0
6563,1
6564,1
6565,0
6566,0
6567,0
6568,0
6569,0
6570,1
6571,1
6572,1
6573,1
6574,1
6575,0
6576,0
6577,0
6578,0
6579,1
6580,0
6581,0
6582,1
6583,0
6584,1
6585,1
6586,1
6587,0
6588,0
6589,1
6590,0
6591,0
6592,0
6593,0
6594,1
6595,1
6596,1
6597,1
6598,1
6599,1
6600,0
6601,0
6602,1
6603,0
6604,0
6605,0
6606,0
6607,0
6608,1
6609,0
6610,1
6611,0
6612,0
6613,0
6614,0
6615,0
6616,0
6617,0
6618,1
6619,0
6620,0
6621,1
6622,0
6623,0
6624,0
6625,0
6626,0
6627,1
6628,1
6629,1
6630,1
6631,0
6632,0
6633,0
6634,1
6635,1
6636,0
6637,0
6638,0
6639,1
6640,1
6641,0
6642,1
6643,0
6644,1
6645,1
6646,1
6647,0
6648,1
6649,1
6650,0
6651,0
6652,0
6653,0
6654,1
6655,0
6656,0
6657,1
6658,0
6659,0
6660,0
6661,0
6662,0
6663,0
6664,1
6665,1
6666,0
6667,0
6668,1
6669,1
6670,0
6671,0
6672,0
6673,0
6674,1
6675,0
6676,0
6677,0
6678,1
6679,0
6680,1
6681,1
6682,1
6683,1
6684,1
6685,0
6686,0
6687,0
6688,1
6689,0
6690,0
6691,0
6692,0
6693,0
6694,1
6695,0
6696,0
6697,0
6698,0
6699,1
6700,1
6701,0
6702,0
6703,1
6704,0
6705,0
6706,1
6707,0
6708,0
6709,0
6710,0
6711,1
6712,0
6713,1
6714,0
6715,0
6716,0
6717,0
6718,0
6719,1
6720,1
6721,0
6722,0
6723,0
6724,0
6725,1
6726,0
6727,0
6728,0
6729,0
6730,1
6731,0
6732,0
6733,0
6734,1
6735,1
6736,0
6737,1
6738,1
6739,0
6740,0
6741,0
6742,0
6743,1
6744,0
6745,0
6746,1
6747,1
6748,0
6749,0
6750,0
6751,1
6752,0
6753,0
6754,0
6755,1
6756,0
6757,1
6758,0
6759,1
6760,1
6761,0
6762,1
6763,0
6764,1
6765,0
6766,0
6767,0
6768,0
6769,1
6770,0
6771,0
6772,1
6773,1
6774,0
6775,0
6776,1
6777,0
6778,1
6779,0
6780,1
6781,0
6782,1
6783,0
6784,1
6785,1
6786,1
6787,0
6788,0
6789,0
6790,1
6791,0
6792,0
6793,0
6794,0
6795,0
6796,1
6797,0
6798,0
6799,0
6800,0
6801,0
6802,0
6803,1
6804,1
6805,0
6806,0
6807,0
6808,1
6809,1
6810,1
6811,0
6812,0
6813,0
6814,1
6815,1
6816,0
6817,0
6818,0
6819,0
6820,0
6821,1
6822,0
6823,1
6824,1
6825,0
6826,0
6827,1
6828,1
6829,0
6830,1
6831,0
6832,0
6833,0
6834,1
6835,0
6836,0
6837,0
6838,0
6839,0
6840,0
6841,0
6842,0
6843,0
6844,0
6845,0
6846,0
6847,0
6848,0
6849,1
6850,1
6851,1
6852,0
6853,0
6854,0
6855,0
6856,1
6857,1
6858,1
6859,1
6860,0
6861,0
6862,0
6863,1
6864,0
6865,1
6866,0
6867,1
6868,0
6869,0
6870,1
6871,0
6872,0
6873,1
6874,1
6875,1
6876,1
6877,0
6878,0
6879,1
6880,1
6881,0
6882,0
6883,0
6884,1
6885,0
6886,0
6887,0
6888,0
6889,0
6890,0
6891,0
6892,1
6893,1
6894,0
6895,1
6896,1
6897,0
6898,1
6899,1
6900,0
6901,0
6902,1
6903,1
6904,0
6905,1
6906,0
6907,0
6908,0
6909,1
6910,1
6911,1
6912,0
6913,0
6914,0
6915,1
6916,0
6917,0
6918,0
6919,0
6920,1
6921,0
6922,0
6923,1
6924,0
6925,1
6926,0
6927,0
6928,0
6929,0
6930,1
6931,1
6932,1
6933,0
6934,1
6935,1
6936,1
6937,0
6938,0
6939,0
6940,0
6941,1
6942,1
6943,1
6944,1
6945,0
6946,0
6947,1
6948,0
6949,0
6950,1
6951,1
6952,1
6953,1
6954,1
6955,0
6956,0
6957,1
6958,1
6959,0
6960,1
6961,0
6962,1
6963,0
6964,0
6965,1
6966,1
6967,0
6968,0
6969,0
6970,1
6971,1
6972,0
6973,0
6974,1
6975,0
6976,1
6977,1
6978,0
6979,1
6980,1
6981,0
6982,0
6983,1
6984,1
6985,0
6986,0
6987,1
6988,1
6989,0
6990,0
6991,1
6992,1
6993,0
6994,1
6995,0
6996,1
6997,1
6998,0
6999,0
7000,1
7001,0
7002,0
7003,0
7004,1
7005,0
7006,0
7007,0
7008,0
7009,0
7010,1
7011,0
7012,1
7013,1
7014,0
7015,0
7016,0
7017,0
7018,1
7019,0
7020,0
7021,1
7022,1
7023,0
7024,1
7025,0
7026,0
7027,0
7028,0
7029,1
7030,1
7031,1
7032,0
7033,0
7034,1
7035,0
7036,0
7037,0
7038,1
7039,0
7040,1
7041,1
7042,1
7043,1
7044,1
7045,1
7046,0
7047,0
7048,0
7049,0
7050,1
7051,0
7052,0
7053,1
7054,0
7055,0
7056,1
7057,0
7058,0
7059,1
7060,0
7061,1
7062,0
7063,1
7064,1
7065,0
7066,1
7067,0
7068,0
7069,0
7070,0
7071,1
7072,0
7073,0
7074,1
7075,0
7076,0
7077,1
7078,0
7079,0
7080,0
7081,0
7082,0
7083,1
7084,0
7085,1
7086,1
7087,0
7088,0
7089,1
7090,0
7091,1
7092,0
7093,0
7094,0
7095,0
7096,1
7097,1
7098,1
7099,0
7100,0
7101,1
7102,1
7103,0
7104,0
7105,1
7106,0
7107,1
7108,0
7109,1
7110,0
7111,1
7112,0
7113,1
7114,1
7115,0
7116,0
7117,0
7118,1
7119,1
7120,0
7121,1
7122,1
7123,1
7124,1
7125,1
7126,1
7127,0
7128,0
7129,1
7130,0
7131,1
7132,1
7133,0
7134,0
7135,0
7136,0
7137,1
7138,0
7139,0
7140,0
7141,0
7142,0
7143,0
7144,1
7145,1
7146,0
7147,1
7148,1
7149,0
7150,1
7151,0
7152,0
7153,0
7154,0
7155,1
7156,0
7157,1
7158,1
7159,0
7160,1
7161,0
7162,0
7163,1
7164,0
7165,0
7166,1
7167,1
7168,0
7169,0
7170,0
7171,0
7172,0
7173,0
7174,1
7175,0
7176,1
7177,0
7178,0
7179,0
7180,1
7181,0
7182,0
7183,0
7184,0
7185,0
7186,1
7187,1
7188,0
7189,0
7190,1
7191,1
7192,0
7193,0
7194,1
7195,0
7196,0
7197,0
7198,0
7199,0
7200,0
7201,0
7202,0
7203,1
7204,1
7205,1
7206,0
7207,0
7208,0
7209,0
7210,0
7211,0
7212,0
7213,0
7214,1
7215,0
7216,0
7217,1
7218,1
7219,0
7220,1
7221,0
7222,0
7223,0
7224,1
7225,1
7226,0
7227,0
7228,0
7229,1
7230,0
7231,0
7232,0
7233,1
7234,0
7235,1
7236,0
7237,0
7238,1
7239,0
7240,1
7241,0
7242,0
7243,0
7244,0
7245,1
7246,1
7247,0
7248,1
7249,1
7250,0
7251,1
7252,1
7253,1
7254,0
7255,0
7256,1
7257,1
7258,0
7259,0
7260,1
7261,1
7262,1
7263,0
7264,0
7265,0
7266,1
7267,1
7268,0
7269,1
7270,1
7271,0
7272,0
7273,0
7274,0
7275,1
7276,0
7277,1
7278,0
7279,0
7280,1
7281,1
7282,0
7283,0
7284,1
7285,0
7286,0
7287,0
7288,0
7289,0
7290,0
7291,1
7292,0
7293,0
7294,1
7295,0
7296,0
7297,0
7298,0
7299,1
7300,1
7301,0
7302,0
7303,0
7304,1
7305,0
7306,1
7307,1
7308,0
7309,0
7310,0
7311,1
7312,0
7313,1
7314,0
7315,1
7316,0
7317,0
7318,1
7319,1
7320,0
7321,0
7322,0
7323,1
7324,0
7325,0
7326,0
7327,1
7328,0
7329,0
7330,1
7331,0
7332,0
7333,0
7334,0
7335,1
7336,0
7337,0
7338,0
7339,1
7340,0
7341,0
7342,0
7343,0
7344,1
7345,0
7346,1
7347,0
7348,1
7349,1
7350,1
7351,1
7352,0
7353,1
7354,0
7355,0
7356,0
7357,1
7358,0
7359,0
7360,1
7361,0
7362,1
7363,0
7364,0
7365,1
7366,0
7367,0
7368,0
7369,0
7370,1
7371,1
7372,1
7373,0
7374,0
7375,1
7376,0
7377,0
7378,0
7379,0
7380,1
7381,0
7382,1
7383,1
7384,0
7385,0
7386,0
7387,0
7388,1
7389,0
7390,0
7391,0
7392,0
7393,1
7394,0
7395,1
7396,1
7397,1
7398,0
7399,0
7400,0
7401,1
7402,1
7403,1
7404,0
7405,0
7406,0
7407,1
7408,0
7409,0
7410,1
7411,1
7412,1
7413,1
7414,0
7415,0
7416,0
7417,1
7418,0
7419,0
7420,0
7421,0
7422,1
7423,1
7424,0
7425,0
7426,1
7427,1
7428,0
7429,1
7430,1
7431,0
7432,1
7433,0
7434,1
7435,0
7436,0
7437,0
7438,1
7439,0
7440,1
7441,0
7442,0
7443,0
7444,1
7445,0
7446,0
7447,0
7448,0
7449,0
7450,0
7451,1
7452,0
7453,0
7454,1
7455,0
7456,0
7457,0
7458,0
7459,0
7460,0
7461,0
7462,0
7463,0
7464,0
7465,1
7466,1
7467,1
7468,0
7469,1
7470,0
7471,0
7472,0
7473,0
7474,1
7475,1
7476,1
7477,1
7478,1
7479,0
7480,0
7481,0
7482,0
7483,0
7484,1
7485,0
7486,1
7487,0
7488,0
7489,1
7490,1
7491,0
7492,1
7493,1
7494,1
7495,0
7496,1
7497,0
7498,0
7499,0
7500,1
7501,0
7502,1
7503,0
7504,1
7505,1
7506,1
7507,0
7508,1
7509,1
7510,1
7511,1
7512,0
7513,1
7514,0
7515,0
7516,1
7517,0
7518,0
7519,1
7520,1
7521,0
7522,1
7523,1
7524,1
7525,0
7526,0
7527,0
7528,1
7529,0
7530,0
7531,1
7532,0
7533,0
7534,1
7535,0
7536,0
7537,0
7538,0
7539,1
7540,0
7541,0
7542,0
7543,1
7544,0
7545,0
7546,0
7547,0
7548,0
7549,0
7550,1
7551,1
7552,1
7553,0
7554,0
7555,0
7556,0
7557,1
7558,0
7559,1
7560,1
7561,0
7562,0
7563,0
7564,0
7565,0
7566,1
7567,0
7568,0
7569,0
7570,1
7571,0
7572,0
7573,1
7574,0
7575,0
7576,1
7577,1
7578,1
7579,0
7580,0
7581,1
7582,1
7583,1
7584,1
7585,0
7586,0
7587,1
7588,0
7589,0
7590,1
7591,0
7592,1
7593,0
7594,1
7595,1
7596,1
7597,0
7598,1
7599,1
7600,1
7601,0
7602,0
7603,0
7604,0
7605,1
7606,0
7607,0
7608,0
7609,0
7610,1
7611,0
7612,0
7613,0
7614,0
7615,1
7616,0
7617,0
7618,1
7619,1
7620,0
7621,1
7622,0
7623,1
7624,0
7625,1
7626,0
7627,0
7628,0
7629,1
7630,0
7631,1
7632,0
7633,1
7634,1
7635,0
7636,1
7637,0
7638,1
7639,0
7640,1
7641,1
7642,0
7643,0
7644,0
7645,1
7646,0
7647,1
7648,1
7649,0
7650,1
7651,0
7652,1
7653,0
7654,1
7655,0
7656,0
7657,1
7658,1
7659,0
7660,1
7661,0
7662,0
7663,0
7664,1
7665,1
7666,0
7667,0
7668,1
7669,1
7670,1
7671,1
7672,1
7673,1
7674,0
7675,1
7676,1
7677,0
7678,0
7679,1
7680,0
7681,0
7682,0
7683,1
7684,1
7685,0
7686,0
7687,0
7688,1
7689,0
7690,0
7691,0
7692,0
7693,0
7694,0
7695,1
7696,1
7697,0
7698,0
7699,1
7700,0
7701,1
7702,0
7703,0
7704,1
7705,1
7706,1
7707,0
7708,0
7709,0
7710,0
7711,0
7712,1
7713,1
7714,0
7715,1
7716,0
7717,0
7718,0
7719,0
7720,0
7721,0
7722,1
7723,1
7724,0
7725,0
7726,1
7727,0
7728,1
7729,1
7730,1
7731,0
7732,0
7733,1
7734,1
7735,0
7736,1
7737,0
7738,0
7739,1
7740,0
7741,0
7742,1
7743,0
7744,0
7745,1
7746,1
7747,1
7748,1
7749,1
7750,1
7751,0
7752,1
7753,0
7754,0
7755,0
7756,1
7757,1
7758,0
7759,1
7760,0
7761,0
7762,0
7763,0
7764,0
7765,0
7766,1
7767,1
7768,1
7769,1
7770,0
7771,0
7772,1
7773,1
7774,0
7775,1
7776,0
7777,1
7778,0
7779,0
7780,1
7781,0
7782,1
7783,1
7784,0
7785,0
7786,1
7787,1
7788,1
7789,1
7790,1
7791,1
7792,0
7793,1
7794,1
7795,0
7796,0
7797,1
7798,0
7799,1
7800,0
7801,0
7802,1
7803,1
7804,0
7805,0
7806,1
7807,0
7808,0
7809,0
7810,1
7811,0
7812,1
7813,1
7814,1
7815,0
7816,0
7817,0
7818,1
7819,0
7820,1
7821,1
7822,0
7823,1
7824,0
7825,0
7826,1
7827,1
7828,1
7829,0
7830,1
7831,0
7832,0
7833,0
7834,0
7835,0
7836,0
7837,0
7838,1
7839,0
7840,1
7841,0
7842,1
7843,0
7844,1
7845,0
7846,1
7847,0
7848,0
7849,1
7850,1
7851,0
7852,1
7853,1
7854,0
7855,1
7856,0
7857,0
7858,1
7859,1
7860,0
7861,0
7862,1
7863,0
7864,0
7865,0
7866,1
7867,1
7868,1
7869,0
7870,0
7871,0
7872,0
7873,0
7874,0
7875,0
7876,0
7877,0
7878,1
7879,0
7880,0
7881,0
7882,0
7883,0
7884,1
7885,0
7886,0
7887,0
7888,0
7889,1
7890,0
7891,1
7892,1
7893,1
7894,0
7895,0
7896,1
7897,0
7898,0
7899,1
7900,1
7901,1
7902,0
7903,0
7904,1
7905,0
7906,0
7907,0
7908,1
7909,0
7910,0
7911,1
7912,1
7913,0
7914,0
7915,0
7916,1
7917,1
7918,1
7919,0
7920,0
7921,1
7922,1
7923,0
7924,1
7925,0
7926,1
7927,0
7928,1
7929,0
7930,1
7931,1
7932,0
7933,1
7934,0
7935,0
7936,0
7937,0
7938,1
7939,0
7940,0
7941,0
7942,1
7943,0
7944,1
7945,0
7946,1
7947,1
7948,0
7949,0
7950,0
7951,0
7952,0
7953,1
7954,0
7955,0
7956,1
7957,0
7958,1
7959,0
7960,1
7961,1
7962,1
7963,1
7964,0
7965,0
7966,0
7967,1
7968,0
7969,0
7970,1
7971,0
7972,1
7973,0
7974,0
7975,1
7976,1
7977,0
7978,0
7979,1
7980,0
7981,1
7982,0
7983,1
7984,0
7985,0
7986,0
7987,1
7988,0
7989,1
7990,1
7991,0
7992,0
7993,0
7994,1
7995,0
7996,1
7997,0
7998,0
7999,1
8000,0
8001,0
8002,0
8003,1
8004,1
8005,0
8006,1
8007,0
8008,1
8009,1
8010,0
8011,1
8012,1
8013,0
8014,1
8015,0
8016,0
8017,0
8018,1
8019,0
8020,1
8021,0
8022,0
8023,1
8024,0
8025,0
8026,0
8027,0
8028,0
8029,0
8030,0
8031,1
8032,1
8033,1
8034,0
8035,0
8036,1
8037,0
8038,1
8039,0
8040,0
8041,1
8042,0
8043,0
8044,0
8045,1
8046,0
8047,0
8048,1
8049,0
8050,0
8051,0
8052,0
8053,1
8054,1
8055,1
8056,1
8057,0
8058,0
8059,0
8060,1
8061,0
8062,1
8063,0
8064,0
8065,1
8066,1
8067,0
8068,0
8069,1
8070,0
8071,0
8072,1
8073,0
8074,0
8075,0
8076,0
8077,0
8078,1
8079,0
8080,0
8081,0
8082,0
8083,0
8084,0
8085,0
8086,1
8087,0
8088,1
8089,0
8090,1
8091,0
8092,0
8093,0
8094,0
8095,0
8096,0
8097,1
8098,0
8099,0
8100,0
8101,0
8102,0
8103,1
8104,1
8105,1
8106,0
8107,1
8108,0
8109,1
8110,0
8111,0
8112,0
8113,0
8114,0
8115,1
8116,0
8117,0
8118,1
8119,0
8120,1
8121,1
8122,0
8123,0
8124,0
8125,1
8126,0
8127,1
8128,1
8129,0
8130,0
8131,1
8132,0
8133,1
8134,0
8135,0
8136,0
8137,1
8138,0
8139,1
8140,1
8141,0
8142,1
8143,0
8144,0
8145,0
8146,0
8147,0
8148,1
8149,1
8150,1
8151,0
8152,1
8153,0
8154,0
8155,0
8156,1
8157,1
8158,0
8159,1
8160,0
8161,0
8162,1
8163,0
8164,0
8165,1
8166,0
8167,1
8168,1
8169,0
8170,0
8171,1
8172,0
8173,0
8174,0
8175,0
8176,0
8177,1
8178,1
8179,1
8180,0
8181,0
8182,0
8183,0
8184,1
8185,0
8186,0
8187,0
8188,0
8189,1
8190,0
8191,0
8192,1
8193,1
8194,0
8195,1
8196,0
8197,1
8198,0
8199,1
8200,0
8201,1
8202,1
8203,0
8204,0
8205,0
8206,1
8207,0
8208,1
8209,1
8210,1
8211,0
8212,0
8213,0
8214,0
8215,0
8216,0
8217,0
8218,0
8219,1
8220,0
8221,0
8222,1
8223,1
8224,1
8225,0
8226,0
8227,1
8228,0
8229,1
8230,0
8231,1
8232,1
8233,1
8234,1
8235,1
8236,0
8237,0
8238,0
8239,1
8240,0
8241,1
8242,1
8243,0
8244,1
8245,0
8246,0
8247,0
8248,0
8249,0
8250,0
8251,0
8252,0
8253,0
8254,0
8255,0
8256,0
8257,1
8258,0
8259,0
8260,0
8261,1
8262,0
8263,1
8264,1
8265,0
8266,0
8267,1
8268,1
8269,0
8270,1
8271,1
8272,0
8273,0
8274,0
8275,0
8276,1
8277,1
8278,1
8279,0
8280,1
8281,0
8282,0
8283,0
8284,0
8285,0
8286,1
8287,1
8288,1
8289,0
8290,1
8291,1
8292,0
8293,0
8294,0
8295,1
8296,1
8297,1
8298,0
8299,0
8300,1
8301,0
8302,1
8303,1
8304,0
8305,1
8306,1
8307,1
8308,0
8309,0
8310,0
8311,0
8312,0
8313,0
8314,0
8315,1
8316,1
8317,0
8318,1
8319,0
8320,1
8321,0
8322,1
8323,1
8324,0
8325,1
8326,1
8327,0
8328,0
8329,0
8330,0
8331,1
8332,0
8333,0
8334,0
8335,1
8336,1
8337,0
8338,1
8339,0
8340,1
8341,0
8342,0
8343,1
8344,0
8345,0
8346,1
8347,1
8348,0
8349,0
8350,0
8351,1
8352,0
8353,0
8354,0
8355,0
8356,0
8357,0
8358,0
8359,0
8360,1
8361,0
8362,0
8363,1
8364,1
8365,0
8366,0
8367,0
8368,0
8369,0
8370,0
8371,1
8372,0
8373,0
8374,1
8375,0
8376,0
8377,0
8378,0
8379,0
8380,1
8381,0
8382,1
8383,0
8384,0
8385,1
8386,1
8387,0
8388,0
8389,1
8390,1
8391,0
8392,0
8393,0
8394,0
8395,0
8396,0
8397,1
8398,0
8399,0
8400,0
8401,1
8402,0
8403,0
8404,0
8405,0
8406,1
8407,0
8408,1
8409,1
8410,0
8411,0
8412,1
8413,0
8414,0
8415,0
8416,0
8417,0
8418,0
8419,1
8420,1
8421,1
8422,1
8423,0
8424,0
8425,0
8426,0
8427,1
8428,0
8429,0
8430,0
8431,1
8432,1
8433,1
8434,1
8435,1
8436,1
8437,0
8438,0
8439,0
8440,0
8441,1
8442,1
8443,0
8444,0
8445,0
8446,1
8447,0
8448,1
8449,1
8450,1
8451,1
8452,0
8453,1
8454,1
8455,1
8456,1
8457,0
8458,0
8459,0
8460,1
8461,0
8462,0
8463,1
8464,1
8465,1
8466,0
8467,1
8468,0
8469,0
8470,0
8471,0
8472,1
8473,0
8474,0
8475,0
8476,0
8477,1
8478,1
8479,0
8480,0
8481,1
8482,1
8483,0
8484,1
8485,1
8486,0
8487,0
8488,0
8489,0
8490,1
8491,1
8492,0
8493,0
8494,1
8495,0
8496,1
8497,0
8498,0
8499,0
8500,1
8501,0
8502,1
8503,0
8504,0
8505,1
8506,1
8507,0
8508,1
8509,1
8510,1
8511,0
8512,1
8513,0
8514,0
8515,0
8516,0
8517,0
8518,0
8519,0
8520,1
8521,0
8522,0
8523,0
8524,1
8525,0
8526,0
8527,0
8528,1
8529,1
8530,0
8531,0
8532,1
8533,0
8534,1
8535,0
8536,0
8537,0
8538,0
8539,1
8540,1
8541,1
8542,0
8543,0
8544,1
8545,1
8546,0
8547,1
8548,1
8549,0
8550,0
8551,0
8552,0
8553,1
8554,0
8555,0
8556,0
8557,0
8558,0
8559,0
8560,0
8561,0
8562,1
8563,0
8564,0
8565,0
8566,1
8567,1
8568,0
8569,1
8570,0
8571,0
8572,0
8573,1
8574,1
8575,0
8576,0
8577,1
8578,0
8579,0
8580,0
8581,1
8582,0
8583,0
8584,1
8585,1
8586,0
8587,0
8588,1
8589,0
8590,0
8591,1
8592,1
8593,0
8594,1
8595,1
8596,0
8597,1
8598,0
8599,1
8600,0
8601,0
8602,0
8603,1
8604,1
8605,0
8606,1
8607,1
8608,1
8609,0
8610,0
8611,1
8612,1
8613,1
8614,1
8615,0
8616,0
8617,0
8618,0
8619,1
8620,0
8621,1
8622,0
8623,1
8624,1
8625,0
8626,1
8627,0
8628,1
8629,1
8630,0
8631,1
8632,0
8633,0
8634,1
8635,0
8636,0
8637,1
8638,1
8639,0
8640,0
8641,1
8642,1
8643,1
8644,0
8645,0
8646,0
8647,1
8648,0
8649,1
8650,1
8651,1
8652,1
8653,1
8654,0
8655,0
8656,0
8657,0
8658,0
8659,1
8660,0
8661,0
8662,1
8663,0
8664,1
8665,0
8666,0
8667,0
8668,1
8669,0
8670,0
8671,1
8672,0
8673,0
8674,1
8675,0
8676,1
8677,1
8678,0
8679,0
8680,1
8681,0
8682,1
8683,0
8684,0
8685,1
8686,0
8687,1
8688,1
8689,0
8690,0
8691,1
8692,1
8693,0
8694,0
8695,0
8696,1
8697,1
8698,1
8699,1
8700,1
8701,0
8702,0
8703,0
8704,0
8705,0
8706,1
8707,1
8708,0
8709,1
8710,1
8711,0
8712,0
8713,0
8714,0
8715,1
8716,0
8717,0
8718,1
8719,0
8720,1
8721,0
8722,1
8723,1
8724,1
8725,0
8726,0
8727,1
8728,0
8729,1
8730,0
8731,0
8732,0
8733,0
8734,0
8735,1
8736,0
8737,0
8738,1
8739,0
8740,0
8741,0
8742,0
8743,1
8744,1
8745,1
8746,0
8747,1
8748,1
8749,1
8750,0
8751,1
8752,0
8753,1
8754,1
8755,0
8756,1
8757,0
8758,1
8759,1
8760,1
8761,0
8762,1
8763,0
8764,0
8765,1
8766,0
8767,0
8768,1
8769,1
8770,0
8771,1
8772,0
8773,1
8774,1
8775,0
8776,1
8777,0
8778,1
8779,1
8780,1
8781,1
8782,0
8783,0
8784,0
8785,1
8786,1
8787,0
8788,1
8789,1
8790,1
8791,1
8792,1
8793,0
8794,0
8795,1
8796,1
8797,1
8798,1
8799,0
8800,1
8801,0
8802,0
8803,0
8804,1
8805,0
8806,0
8807,1
8808,0
8809,1
8810,0
8811,0
8812,0
8813,0
8814,0
8815,1
8816,0
8817,1
8818,0
8819,0
8820,1
8821,1
8822,1
8823,1
8824,0
8825,0
8826,1
8827,0
8828,0
8829,0
8830,0
8831,0
8832,1
8833,0
8834,0
8835,1
8836,0
8837,0
8838,0
8839,0
8840,0
8841,1
8842,0
8843,1
8844,0
8845,1
8846,0
8847,0
8848,1
8849,0
8850,0
8851,0
8852,0
8853,0
8854,0
8855,1
8856,0
8857,0
8858,0
8859,0
8860,0
8861,0
8862,0
8863,0
8864,1
8865,0
8866,0
8867,0
8868,1
8869,1
8870,1
8871,1
8872,1
8873,0
8874,0
8875,1
8876,0
8877,1
8878,0
8879,1
8880,0
8881,0
8882,1
8883,0
8884,0
8885,1
8886,1
8887,0
8888,0
8889,1
8890,0
8891,1
8892,0
8893,0
8894,0
8895,1
8896,0
8897,1
8898,0
8899,0
8900,1
8901,0
8902,1
8903,0
8904,0
8905,1
8906,0
8907,1
8908,0
8909,0
8910,1
8911,1
8912,0
8913,0
8914,1
8915,1
8916,0
8917,0
8918,1
8919,0
8920,1
8921,1
8922,1
8923,0
8924,0
8925,1
8926,0
8927,1
8928,0
8929,1
8930,0
8931,0
8932,0
8933,0
8934,0
8935,0
8936,0
8937,0
8938,1
8939,1
8940,0
8941,0
8942,1
8943,1
8944,1
8945,1
8946,1
8947,0
8948,0
8949,1
8950,0
8951,0
8952,0
8953,1
8954,0
8955,0
8956,0
8957,1
8958,1
8959,0
8960,0
8961,1
8962,0
8963,0
8964,0
8965,1
8966,0
8967,0
8968,0
8969,0
8970,0
8971,0
8972,0
8973,0
8974,1
8975,0
8976,0
8977,1
8978,1
8979,1
8980,1
8981,0
8982,1
8983,0
8984,0
8985,0
8986,1
8987,0
8988,0
8989,1
8990,0
8991,1
8992,0
8993,0
8994,0
8995,1
8996,1
8997,1
8998,1
8999,1
9000,1
9001,0
9002,0
9003,1
9004,0
9005,0
9006,1
9007,1
9008,0
9009,0
9010,1
9011,0
9012,1
9013,0
9014,1
9015,0
9016,0
9017,0
9018,1
9019,0
9020,0
9021,0
9022,0
9023,1
9024,1
9025,1
9026,0
9027,0
9028,1
9029,0
9030,0
9031,0
9032,1
9033,0
9034,0
9035,1
9036,1
9037,1
9038,1
9039,0
9040,0
9041,0
9042,0
9043,0
9044,0
9045,1
9046,1
9047,0
9048,0
9049,0
9050,0
9051,1
9052,0
9053,0
9054,0
9055,0
9056,1
9057,0
9058,0
9059,1
9060,0
9061,1
9062,0
9063,0
9064,0
9065,0
9066,0
9067,0
9068,0
9069,0
9070,0
9071,0
9072,0
9073,0
9074,0
9075,0
9076,0
9077,0
9078,1
9079,1
9080,0
9081,1
9082,0
9083,0
9084,0
9085,0
9086,1
9087,1
9088,0
9089,1
9090,0
9091,1
9092,0
9093,1
9094,1
9095,0
9096,0
9097,0
9098,0
9099,0
9100,0
9101,0
9102,0
9103,1
9104,0
9105,1
9106,0
9107,0
9108,0
9109,1
9110,0
9111,0
9112,1
9113,0
9114,0
9115,1
9116,0
9117,1
9118,1
9119,0
9120,0
9121,0
9122,1
9123,1
9124,1
9125,0
9126,0
9127,0
9128,0
9129,0
9130,1
9131,0
9132,0
9133,0
9134,0
9135,0
9136,0
9137,1
9138,0
9139,0
9140,1
9141,1
9142,0
9143,1
9144,0
9145,0
9146,0
9147,1
9148,0
9149,0
9150,0
9151,0
9152,1
9153,0
9154,0
9155,1
9156,0
9157,0
9158,0
9159,1
9160,0
9161,0
9162,0
9163,1
9164,0
9165,1
9166,0
9167,1
9168,0
9169,0
9170,0
9171,0
9172,0
9173,0
9174,0
9175,0
9176,0
9177,1
9178,0
9179,1
9180,0
9181,0
9182,0
9183,1
9184,0
9185,1
9186,0
9187,0
9188,0
9189,0
9190,0
9191,0
9192,0
9193,1
9194,1
9195,1
9196,1
9197,1
9198,0
9199,0
9200,1
9201,1
9202,1
9203,0
9204,1
9205,1
9206,0
9207,1
9208,0
9209,0
9210,0
9211,1
9212,0
9213,1
9214,0
9215,0
9216,1
9217,0
9218,1
9219,0
9220,0
9221,1
9222,0
9223,1
9224,0
9225,0
9226,0
9227,0
9228,0
9229,0
9230,0
9231,1
9232,1
9233,0
9234,1
9235,0
9236,1
9237,0
9238,1
9239,0
9240,0
9241,1
9242,1
9243,0
9244,0
9245,0
9246,1
9247,0
9248,0
9249,1
9250,0
9251,1
9252,0
9253,1
9254,1
9255,0
9256,1
9257,1
9258,1
9259,1
9260,0
9261,1
9262,0
9263,0
9264,0
9265,1
9266,0
9267,1
9268,1
9269,1
9270,1
9271,1
9272,0
9273,1
9274,1
9275,1
9276,0
9277,1
9278,1
9279,1
9280,1
9281,0
9282,0
9283,1
9284,1
9285,0
9286,0
9287,0
9288,1
9289,1
9290,0
9291,1
9292,0
9293,1
9294,0
9295,0
9296,1
9297,1
9298,1
9299,1
9300,0
9301,1
9302,0
9303,0
9304,1
9305,0
9306,1
9307,0
9308,0
9309,0
9310,0
9311,0
9312,0
9313,0
9314,1
9315,0
9316,1
9317,1
9318,1
9319,1
9320,0
9321,0
9322,0
9323,1
9324,0
9325,0
9326,0
9327,0
9328,0
9329,0
9330,0
9331,0
9332,1
9333,0
9334,0
9335,0
9336,1
9337,0
9338,1
9339,0
9340,0
9341,1
9342,1
9343,1
9344,0
9345,0
9346,0
9347,0
9348,0
9349,0
9350,0
9351,1
9352,0
9353,1
9354,1
9355,1
9356,0
9357,1
9358,1
9359,0
9360,0
9361,1
9362,0
9363,0
9364,0
9365,0
9366,1
9367,0
9368,1
9369,0
9370,0
9371,1
9372,0
9373,0
9374,1
9375,1
9376,0
9377,0
9378,1
9379,1
9380,0
9381,0
9382,1
9383,0
9384,0
9385,1
9386,0
9387,0
9388,0
9389,1
9390,0
9391,1
9392,0
9393,0
9394,1
9395,0
9396,1
9397,1
9398,0
9399,0
9400,1
9401,0
9402,1
9403,1
9404,1
9405,0
9406,0
9407,1
9408,0
9409,0
9410,0
9411,1
9412,0
9413,0
9414,0
9415,0
9416,0
9417,0
9418,1
9419,0
9420,0
9421,0
9422,0
9423,1
9424,0
9425,0
9426,0
9427,0
9428,0
9429,1
9430,0
9431,0
9432,0
9433,0
9434,0
9435,0
9436,0
9437,1
9438,1
9439,1
9440,0
9441,0
9442,0
9443,1
9444,0
9445,1
9446,0
9447,0
9448,1
9449,0
9450,0
9451,0
9452,1
9453,0
9454,1
9455,0
9456,0
9457,0
9458,1
9459,0
9460,1
9461,0
9462,1
9463,1
9464,0
9465,1
9466,0
9467,0
9468,0
9469,1
9470,0
9471,0
9472,1
9473,0
9474,0
9475,1
9476,0
9477,0
9478,0
9479,1
9480,1
9481,0
9482,0
9483,1
9484,0
9485,1
9486,0
9487,0
9488,1
9489,0
9490,0
9491,0
9492,1
9493,0
9494,0
9495,0
9496,0
9497,1
9498,0
9499,0
9500,1
9501,0
9502,0
9503,1
9504,1
9505,0
9506,0
9507,0
9508,1
9509,1
9510,0
9511,1
9512,0
9513,1
9514,1
9515,1
9516,1
9517,0
9518,0
9519,0
9520,0
9521,0
9522,0
9523,1
9524,0
9525,1
9526,1
9527,0
9528,0
9529,0
9530,0
9531,0
9532,1
9533,1
9534,1
9535,0
9536,1
9537,0
9538,0
9539,1
9540,0
9541,0
9542,0
9543,0
9544,1
9545,1
9546,1
9547,0
9548,0
9549,0
9550,0
9551,0
9552,0
9553,1
9554,1
9555,1
9556,1
9557,0
9558,0
9559,0
9560,0
9561,1
9562,0
9563,0
9564,1
9565,1
9566,0
9567,0
9568,1
9569,1
9570,0
9571,1
9572,0
9573,1
9574,0
9575,0
9576,0
9577,0
9578,1
9579,1
9580,1
9581,0
9582,1
9583,1
9584,0
9585,1
9586,0
9587,0
9588,1
9589,0
9590,0
9591,0
9592,1
9593,0
9594,1
9595,1
9596,1
9597,0
9598,0
9599,0
9600,1
9601,0
9602,0
9603,0
9604,0
9605,0
9606,1
9607,0
9608,0
9609,1
9610,0
9611,1
9612,0
9613,1
9614,0
9615,0
9616,0
9617,1
9618,1
9619,1
9620,1
9621,0
9622,1
9623,0
9624,1
9625,1
9626,0
9627,0
9628,1
9629,0
9630,1
9631,0
9632,0
9633,0
9634,0
9635,0
9636,0
9637,0
9638,1
9639,0
9640,0
9641,0
9642,1
9643,1
9644,0
9645,1
9646,0
9647,0
9648,0
9649,0
9650,1
9651,1
9652,0
9653,1
9654,0
9655,0
9656,0
9657,1
9658,1
9659,1
9660,0
9661,0
9662,0
9663,0
9664,1
9665,0
9666,1
9667,0
9668,0
9669,0
9670,0
9671,1
9672,0
9673,1
9674,0
9675,0
9676,0
9677,0
9678,1
9679,0
9680,1
9681,1
9682,0
9683,1
9684,1
9685,0
9686,1
9687,1
9688,1
9689,0
9690,0
9691,1
9692,0
9693,1
9694,0
9695,0
9696,1
9697,0
9698,1
9699,0
9700,0
9701,1
9702,0
9703,0
9704,1
9705,1
9706,0
9707,1
9708,0
9709,1
9710,0
9711,1
9712,0
9713,0
9714,0
9715,0
9716,1
9717,1
9718,1
9719,1
9720,0
9721,0
9722,1
9723,1
9724,0
9725,1
9726,1
9727,0
9728,0
9729,0
9730,0
9731,0
9732,0
9733,0
9734,1
9735,1
9736,1
9737,0
9738,0
9739,0
9740,1
9741,1
9742,1
9743,0
9744,0
9745,0
9746,1
9747,0
9748,0
9749,1
9750,0
9751,0
9752,0
9753,1
9754,0
9755,0
9756,1
9757,0
9758,0
9759,1
9760,1
9761,1
9762,0
9763,0
9764,1
9765,0
9766,1
9767,1
9768,1
9769,0
9770,0
9771,1
9772,0
9773,1
9774,1
9775,0
9776,1
9777,0
9778,1
9779,0
9780,1
9781,1
9782,1
9783,1
9784,0
9785,1
9786,0
9787,0
9788,0
9789,0
9790,1
9791,1
9792,0
9793,0
9794,1
9795,0
9796,0
9797,1
9798,0
9799,1
9800,0
9801,1
9802,0
9803,1
9804,1
9805,0
9806,1
9807,0
9808,0
9809,0
9810,1
9811,0
9812,1
9813,0
9814,0
9815,1
9816,1
9817,0
9818,0
9819,1
9820,0
9821,1
9822,0
9823,1
9824,0
9825,0
9826,0
9827,1
9828,0
9829,1
9830,1
9831,0
9832,0
9833,0
9834,0
9835,1
9836,0
9837,1
9838,1
9839,0
9840,1
9841,0
9842,1
9843,1
9844,0
9845,0
9846,0
9847,0
9848,0
9849,0
9850,0
9851,0
9852,0
9853,1
9854,1
9855,1
9856,0
9857,0
9858,1
9859,0
9860,0
9861,0
9862,1
9863,0
9864,0
9865,0
9866,0
9867,0
9868,0
9869,1
9870,1
9871,0
9872,0
9873,1
9874,1
9875,0
9876,0
9877,1
9878,0
9879,0
9880,0
9881,0
9882,0
9883,1
9884,0
9885,1
9886,1
9887,1
9888,0
9889,1
9890,0
9891,0
9892,0
9893,0
9894,0
9895,0
9896,0
9897,0
9898,1
9899,1
9900,1
9901,0
9902,0
9903,0
9904,1
9905,1
9906,1
9907,0
9908,1
9909,1
9910,1
9911,0
9912,0
9913,0
9914,0
9915,1
9916,1
9917,1
9918,0
9919,0
9920,1
9921,0
9922,0
9923,0
9924,1
9925,0
9926,1
9927,0
9928,0
9929,0
9930,0
9931,1
9932,0
9933,1
9934,0
9935,0
9936,1
9937,0
9938,0
9939,0
9940,0
9941,1
9942,0
9943,1
9944,0
9945,0
9946,0
9947,1
9948,1
9949,1
9950,0
9951,0
9952,0
9953,1
9954,0
9955,1
9956,0
9957,0
9958,0
9959,0
9960,1
9961,0
9962,0
9963,0
9964,0
9965,1
9966,0
9967,1
9968,0
9969,0
9970,1
9971,0
9972,1
9973,0
9974,0
9975,1
9976,0
9977,1
9978,1
9979,1
9980,1
9981,1
9982,0
9983,0
9984,1
9985,0
9986,1
9987,1
9988,0
9989,0
9990,1
9991,0
9992,0
9993,0
9994,0
9995,0
9996,0
9997,0
9998,0
9999,0
10000,1
10001,1
10002,1
10003,1
10004,0
10005,1
10006,1
10007,1
10008,0
10009,0
10010,1
10011,1
10012,0
10013,0
10014,0
10015,0
10016,1
10017,0
10018,0
10019,0
10020,1
10021,0
10022,1
10023,1
10024,0
10025,1
10026,0
10027,0
10028,0
10029,1
10030,0
10031,0
10032,0
10033,0
10034,0
10035,0
10036,0
10037,0
10038,0
10039,0
10040,0
10041,0
10042,1
10043,0
10044,0
10045,1
10046,0
10047,0
10048,1
10049,1
10050,1
10051,1
10052,0
10053,0
10054,0
10055,1
10056,0
10057,1
10058,1
10059,0
10060,1
10061,0
10062,0
10063,0
10064,0
10065,0
10066,0
10067,0
10068,0
10069,0
10070,1
10071,1
10072,1
10073,0
10074,1
10075,0
10076,0
10077,0
10078,1
10079,0
10080,0
10081,1
10082,0
10083,1
10084,0
10085,1
10086,0
10087,1
10088,0
10089,0
10090,1
10091,0
10092,1
10093,1
10094,0
10095,0
10096,0
10097,0
10098,1
10099,0
10100,0
10101,0
10102,0
10103,0
10104,1
10105,1
10106,0
10107,0
10108,0
10109,0
10110,0
10111,0
10112,0
10113,0
10114,0
10115,0
10116,1
10117,0
10118,0
10119,1
10120,1
10121,1
10122,1
10123,1
10124,1
10125,0
10126,0
10127,0
10128,1
10129,0
10130,1
10131,1
10132,1
10133,0
10134,1
10135,0
10136,0
10137,1
10138,0
10139,0
10140,1
10141,1
10142,0
10143,0
10144,1
10145,0
10146,0
10147,0
10148,0
10149,0
10150,0
10151,0
10152,0
10153,0
10154,0
10155,1
10156,0
10157,1
10158,1
10159,0
10160,0
10161,0
10162,0
10163,0
10164,1
10165,0
10166,0
10167,0
10168,1
10169,1
10170,1
10171,1
10172,1
10173,0
10174,0
10175,1
10176,1
10177,1
10178,1
10179,1
10180,0
10181,1
10182,0
10183,0
10184,1
10185,0
10186,1
10187,1
10188,1
10189,0
10190,1
10191,0
10192,0
10193,1
10194,0
10195,0
10196,1
10197,0
10198,1
10199,0
10200,0
10201,1
10202,0
10203,0
10204,0
10205,0
10206,1
10207,1
10208,1
10209,1
10210,1
10211,1
10212,1
10213,0
10214,0
10215,0
10216,1
10217,0
10218,1
10219,1
10220,1
10221,1
10222,0
10223,0
10224,1
10225,0
10226,0
10227,1
10228,0
10229,0
10230,0
10231,0
10232,0
10233,0
10234,1
10235,0
10236,0
10237,1
10238,0
10239,0
10240,1
10241,0
10242,0
10243,0
10244,1
10245,0
10246,0
10247,0
10248,1
10249,1
10250,0
10251,1
10252,1
10253,0
10254,0
10255,0
10256,0
10257,1
10258,0
10259,0
10260,0
10261,0
10262,0
10263,1
10264,0
10265,0
10266,0
10267,1
10268,0
10269,0
10270,0
10271,0
10272,0
10273,0
10274,1
10275,1
10276,0
10277,1
10278,0
10279,0
10280,0
10281,0
10282,1
10283,0
10284,1
10285,1
10286,0
10287,1
10288,1
10289,0
10290,1
10291,0
10292,1
10293,1
10294,0
10295,1
10296,1
10297,0
10298,0
10299,0
10300,0
10301,1
10302,0
10303,0
10304,1
10305,0
10306,1
10307,1
10308,0
10309,0
10310,1
10311,0
10312,0
10313,0
10314,0
10315,1
10316,0
10317,0
10318,1
10319,1
10320,0
10321,0
10322,0
10323,1
10324,0
10325,1
10326,0
10327,0
10328,0
10329,0
10330,0
10331,0
10332,1
10333,0
10334,0
10335,1
10336,0
10337,0
10338,1
10339,0
10340,1
10341,0
10342,0
10343,1
10344,0
10345,0
10346,1
10347,0
10348,1
10349,0
10350,0
10351,1
10352,0
10353,0
10354,0
10355,0
10356,0
10357,1
10358,0
10359,0
10360,0
10361,1
10362,1
10363,1
10364,1
10365,1
10366,1
10367,0
10368,0
10369,0
10370,0
10371,1
10372,0
10373,1
10374,0
10375,1
10376,1
10377,0
10378,0
10379,0
10380,1
10381,0
10382,0
10383,0
10384,1
10385,0
10386,1
10387,0
10388,0
10389,0
10390,0
10391,1
10392,0
10393,0
10394,0
10395,0
10396,0
10397,0
10398,0
10399,1
10400,0
10401,0
10402,0
10403,0
10404,1
10405,1
10406,0
10407,1
10408,1
10409,0
10410,1
10411,0
10412,0
10413,0
10414,1
10415,0
10416,0
10417,1
10418,1
10419,1
10420,0
10421,0
10422,0
10423,1
10424,0
10425,0
10426,0
10427,1
10428,1
10429,0
10430,1
10431,1
10432,0
10433,0
10434,1
10435,0
10436,1
10437,0
10438,0
10439,0
10440,0
10441,0
10442,0
10443,0
10444,1
10445,0
10446,1
10447,1
10448,0
10449,0
10450,1
10451,1
10452,1
10453,1
10454,1
10455,1
10456,0
10457,1
10458,1
10459,1
10460,0
10461,1
10462,1
10463,1
10464,0
10465,1
10466,0
10467,1
10468,1
10469,0
10470,0
10471,1
10472,1
10473,1
10474,0
10475,0
10476,0
10477,0
10478,1
10479,1
10480,0
10481,0
10482,0
10483,0
10484,1
10485,0
10486,1
10487,0
10488,0
10489,1
10490,1
10491,0
10492,1
10493,1
10494,1
10495,0
10496,0
10497,1
10498,1
10499,0
10500,0
10501,0
10502,1
10503,0
10504,1
10505,0
10506,1
10507,0
10508,0
10509,0
10510,0
10511,0
10512,0
10513,0
10514,0
10515,0
10516,0
10517,0
10518,0
10519,1
10520,1
10521,0
10522,0
10523,1
10524,0
10525,0
10526,0
10527,0
10528,0
10529,0
10530,0
10531,1
10532,1
10533,1
10534,0
10535,1
10536,0
10537,0
10538,0
10539,1
10540,1
10541,1
10542,0
10543,0
10544,0
10545,1
10546,1
10547,0
10548,1
10549,0
10550,0
10551,0
10552,1
10553,1
10554,0
10555,0
10556,0
10557,1
10558,0
10559,1
10560,0
10561,1
10562,1
10563,1
10564,0
10565,0
10566,1
10567,1
10568,1
10569,0
10570,1
10571,1
10572,1
10573,0
10574,0
10575,1
10576,1
10577,0
10578,1
10579,0
10580,1
10581,0
10582,0
10583,0
10584,0
10585,1
10586,0
10587,1
10588,0
10589,0
10590,1
10591,0
10592,1
10593,0
10594,0
10595,0
10596,1
10597,1
10598,0
10599,0
10600,1
10601,1
10602,0
10603,1
10604,0
10605,0
10606,0
10607,1
10608,1
10609,0
10610,1
10611,0
10612,1
10613,0
10614,0
10615,1
10616,0
10617,0
10618,0
10619,0
10620,0
10621,1
10622,1
10623,0
10624,1
10625,0
10626,0
10627,1
10628,0
10629,0
10630,1
10631,1
10632,0
10633,0
10634,0
10635,1
10636,0
10637,1
10638,1
10639,0
10640,1
10641,0
10642,1
10643,0
10644,1
10645,0
10646,1
10647,0
10648,0
10649,0
10650,1
10651,0
10652,1
10653,0
10654,1
10655,1
10656,0
10657,1
10658,0
10659,1
10660,1
10661,0
10662,1
10663,0
10664,1
10665,1
10666,0
10667,1
10668,0
10669,0
10670,0
10671,1
10672,0
10673,1
10674,0
10675,0
10676,0
10677,1
10678,1
10679,0
10680,1
10681,1
10682,1
10683,0
10684,0
10685,0
10686,1
10687,1
10688,1
10689,1
10690,0
10691,1
10692,0
10693,0
10694,1
10695,0
10696,0
10697,0
10698,0
10699,0
10700,1
10701,0
10702,1
10703,0
10704,0
10705,0
10706,0
10707,0
10708,1
10709,0
10710,0
10711,0
10712,0
10713,0
10714,1
10715,0
10716,1
10717,1
10718,0
10719,1
10720,0
10721,1
10722,1
10723,1
10724,0
10725,1
10726,0
10727,1
10728,1
10729,1
10730,0
10731,1
10732,1
10733,1
10734,1
10735,0
10736,1
10737,0
10738,0
10739,1
10740,1
10741,0
10742,0
10743,0
10744,1
10745,0
10746,0
10747,1
10748,1
10749,1
10750,0
10751,1
10752,0
10753,0
10754,1
10755,0
10756,0
10757,0
10758,0
10759,0
10760,0
10761,0
10762,0
10763,0
10764,0
10765,1
10766,1
10767,0
10768,1
10769,0
10770,0
10771,1
10772,0
10773,0
10774,0
10775,0
10776,1
10777,0
10778,0
10779,1
10780,1
10781,0
10782,0
10783,1
10784,1
10785,0
10786,0
10787,1
10788,0
10789,0
10790,0
10791,1
10792,0
10793,1
10794,0
10795,0
10796,1
10797,0
10798,1
10799,1
10800,0
10801,0
10802,0
10803,1
10804,0
10805,0
10806,0
10807,1
10808,1
10809,1
10810,0
10811,0
10812,0
10813,1
10814,0
10815,0
10816,0
10817,0
10818,0
10819,1
10820,0
10821,0
10822,0
10823,0
10824,1
10825,0
10826,0
10827,0
10828,0
10829,0
10830,1
10831,1
10832,0
10833,0
10834,0
10835,0
10836,0
10837,1
10838,1
10839,0
10840,0
10841,0
10842,0
10843,0
10844,1
10845,0
10846,1
10847,0
10848,0
10849,1
10850,0
10851,0
10852,1
10853,0
10854,0
10855,1
10856,1
10857,1
10858,0
10859,1
10860,1
10861,0
10862,1
10863,0
10864,0
10865,0
10866,0
10867,0
10868,0
10869,0
10870,0
10871,0
10872,1
10873,0
10874,0
10875,0
10876,0
10877,0
10878,0
10879,0
10880,0
10881,0
10882,0
10883,1
10884,0
10885,1
10886,1
10887,1
10888,0
10889,0
10890,0
10891,1
10892,0
10893,1
10894,1
10895,1
10896,1
10897,0
10898,1
10899,1
10900,1
10901,0
10902,1
10903,0
10904,0
10905,1
10906,0
10907,1
10908,0
10909,0
10910,1
10911,0
10912,1
10913,1
10914,0
10915,0
10916,0
10917,0
10918,1
10919,0
10920,1
10921,1
10922,1
10923,0
10924,1
10925,1
10926,1
10927,0
10928,0
10929,1
10930,0
10931,1
10932,0
10933,0
10934,0
10935,1
10936,1
10937,0
10938,1
10939,1
10940,1
10941,0
10942,0
10943,0
10944,1
10945,1
10946,1
10947,0
10948,0
10949,0
10950,0
10951,0
10952,0
10953,1
10954,0
10955,0
10956,0
10957,1
10958,0
10959,0
10960,1
10961,0
10962,0
10963,0
10964,1
10965,0
10966,0
10967,0
10968,1
10969,0
10970,1
10971,0
10972,0
10973,0
10974,0
10975,0
10976,1
10977,0
10978,0
10979,0
10980,0
10981,1
10982,1
10983,0
10984,0
10985,0
10986,0
10987,1
10988,0
10989,1
10990,1
10991,0
10992,0
10993,1
10994,1
10995,0
10996,0
10997,1
10998,0
10999,1
11000,0
11001,0
11002,0
11003,0
11004,0
11005,1
11006,1
11007,0
11008,1
11009,0
11010,1
11011,0
11012,0
11013,0
11014,0
11015,1
11016,0
11017,0
11018,0
11019,0
11020,1
11021,0
11022,0
11023,1
11024,0
11025,0
11026,1
11027,0
11028,0
11029,1
11030,0
11031,0
11032,0
11033,1
11034,1
11035,0
11036,1
11037,0
11038,1
11039,1
11040,0
11041,1
11042,0
11043,1
11044,0
11045,1
11046,0
11047,0
11048,1
11049,1
11050,0
11051,0
11052,1
11053,1
11054,0
11055,1
11056,1
11057,0
11058,1
11059,0
11060,0
11061,1
11062,1
11063,1
11064,1
11065,0
11066,0
11067,0
11068,1
11069,0
11070,0
11071,0
11072,0
11073,0
11074,0
11075,0
11076,1
11077,0
11078,0
11079,0
11080,0
11081,0
11082,0
11083,0
11084,1
11085,1
11086,0
11087,0
11088,0
11089,0
11090,0
11091,0
11092,1
11093,1
11094,1
11095,1
11096,0
11097,1
11098,1
11099,1
11100,0
11101,0
11102,0
11103,1
11104,0
11105,0
11106,1
11107,0
11108,1
11109,1
11110,0
11111,1
11112,1
11113,1
11114,1
11115,0
11116,1
11117,0
11118,1
11119,0
11120,0
11121,1
11122,1
11123,0
11124,0
11125,1
11126,0
11127,0
11128,0
11129,1
11130,0
11131,0
11132,1
11133,1
11134,1
11135,0
11136,0
11137,0
11138,0
11139,0
11140,0
11141,0
11142,0
11143,0
11144,1
11145,0
11146,1
11147,0
11148,0
11149,1
11150,1
11151,1
11152,0
11153,0
11154,1
11155,1
11156,0
11157,1
11158,0
11159,0
11160,1
11161,1
11162,0
11163,0
11164,1
11165,0
11166,0
11167,0
11168,1
11169,0
11170,0
11171,0
11172,1
11173,0
11174,0
11175,0
11176,1
11177,0
11178,0
11179,0
11180,1
11181,0
11182,1
11183,0
11184,0
11185,0
11186,0
11187,0
11188,0
11189,0
11190,0
11191,0
11192,1
11193,1
11194,0
11195,1
11196,0
11197,0
11198,1
11199,0
11200,0
11201,0
11202,0
11203,1
11204,0
11205,1
11206,0
11207,0
11208,0
11209,0
11210,1
11211,0
11212,1
11213,0
11214,0
11215,1
11216,0
11217,0
11218,0
11219,1
11220,1
11221,0
11222,1
11223,1
11224,0
11225,0
11226,1
11227,1
11228,1
11229,1
11230,1
11231,0
11232,1
11233,0
11234,0
11235,1
11236,1
11237,0
11238,0
11239,0
11240,1
11241,0
11242,1
11243,1
11244,1
11245,1
11246,1
11247,1
11248,1
11249,1
11250,1
11251,0
11252,1
11253,1
11254,0
11255,0
11256,0
11257,1
11258,0
11259,0
11260,0
11261,0
11262,0
11263,1
11264,0
11265,0
11266,1
11267,1
11268,0
11269,1
11270,1
11271,1
11272,0
11273,0
11274,1
11275,0
11276,1
11277,0
11278,1
11279,1
11280,1
11281,1
11282,0
11283,0
11284,0
11285,1
11286,0
11287,1
11288,0
11289,0
11290,0
11291,1
11292,0
11293,0
11294,1
11295,1
11296,0
11297,0
11298,1
11299,0
11300,0
11301,1
11302,1
11303,1
11304,0
11305,0
11306,0
11307,0
11308,1
11309,1
11310,0
11311,0
11312,0
11313,0
11314,0
11315,0
11316,0
11317,0
11318,0
11319,0
11320,0
11321,0
11322,0
11323,0
11324,1
11325,0
11326,1
11327,1
11328,1
11329,1
11330,0
11331,1
11332,0
11333,1
11334,0
11335,1
11336,0
11337,0
11338,1
11339,0
11340,1
11341,1
11342,1
11343,0
11344,0
11345,1
11346,1
11347,1
11348,0
11349,0
11350,0
11351,1
11352,0
11353,1
11354,1
11355,0
11356,0
11357,0
11358,0
11359,0
11360,1
11361,0
11362,0
11363,1
11364,1
11365,0
11366,0
11367,1
11368,0
11369,1
11370,0
11371,0
11372,1
11373,0
11374,0
11375,0
11376,1
11377,1
11378,1
11379,1
11380,0
11381,0
11382,1
11383,0
11384,0
11385,0
11386,1
11387,0
11388,0
11389,1
11390,0
11391,0
11392,1
11393,1
11394,0
11395,0
11396,0
11397,1
11398,1
11399,1
11400,0
11401,0
11402,0
11403,0
11404,1
11405,0
11406,0
11407,0
11408,1
11409,1
11410,0
11411,0
11412,1
11413,1
11414,0
11415,0
11416,1
11417,0
11418,0
11419,0
11420,0
11421,1
11422,0
11423,0
11424,0
11425,0
11426,1
11427,1
11428,0
11429,0
11430,1
11431,1
11432,0
11433,0
11434,0
11435,0
11436,1
11437,0
11438,0
11439,1
11440,1
11441,0
11442,0
11443,0
11444,1
11445,1
11446,1
11447,0
11448,0
11449,1
11450,0
11451,0
11452,0
11453,0
11454,1
11455,0
11456,0
11457,1
11458,0
11459,0
11460,1
11461,0
11462,1
11463,1
11464,0
11465,0
11466,1
11467,0
11468,0
11469,1
11470,1
11471,1
11472,0
11473,1
11474,1
11475,0
11476,1
11477,1
11478,1
11479,1
11480,0
11481,0
11482,0
11483,1
11484,0
11485,0
11486,0
11487,1
11488,0
11489,1
11490,1
11491,1
11492,0
11493,0
11494,1
11495,0
11496,0
11497,1
11498,1
11499,0
11500,1
11501,0
11502,0
11503,0
11504,1
11505,0
11506,1
11507,0
11508,1
11509,1
11510,0
11511,0
11512,0
11513,0
11514,1
11515,1
11516,1
11517,1
11518,0
11519,0
11520,0
11521,0
11522,1
11523,0
11524,1
11525,0
11526,0
11527,0
11528,1
11529,1
11530,0
11531,0
11532,0
11533,0
11534,0
11535,1
11536,0
11537,1
11538,0
11539,0
11540,1
11541,0
11542,0
11543,0
11544,1
11545,1
11546,0
11547,0
11548,1
11549,0
11550,1
11551,1
11552,1
11553,1
11554,1
11555,1
11556,0
11557,0
11558,0
11559,0
11560,0
11561,0
11562,0
11563,1
11564,0
11565,0
11566,0
11567,1
11568,0
11569,1
11570,1
11571,1
11572,1
11573,0
11574,1
11575,0
11576,1
11577,0
11578,0
11579,0
11580,0
11581,0
11582,0
11583,0
11584,1
11585,0
11586,0
11587,1
11588,1
11589,0
11590,0
11591,0
11592,1
11593,0
11594,0
11595,0
11596,0
11597,1
11598,0
11599,1
11600,0
11601,1
11602,1
11603,1
11604,0
11605,0
11606,0
11607,1
11608,0
11609,0
11610,1
11611,0
11612,0
11613,1
11614,1
11615,0
11616,0
11617,0
11618,0
11619,1
11620,0
11621,1
11622,1
11623,0
11624,1
11625,1
11626,0
11627,1
11628,0
11629,1
11630,0
11631,1
11632,1
11633,0
11634,1
11635,1
11636,0
11637,1
11638,0
11639,1
11640,1
11641,1
11642,0
11643,0
11644,1
11645,0
11646,0
11647,1
11648,0
11649,0
11650,0
11651,1
11652,1
11653,1
11654,1
11655,0
11656,0
11657,0
11658,0
11659,0
11660,0
11661,0
11662,1
11663,0
11664,1
11665,0
11666,0
11667,0
11668,0
11669,1
11670,1
11671,0
11672,0
11673,0
11674,0
11675,1
11676,0
11677,0
11678,0
11679,0
11680,1
11681,1
11682,1
11683,1
11684,1
11685,0
11686,0
11687,1
11688,0
11689,0
11690,0
11691,1
11692,0
11693,0
11694,0
11695,0
11696,1
11697,0
11698,0
11699,1
11700,0
11701,1
11702,0
11703,0
11704,0
11705,0
11706,0
11707,0
11708,0
11709,0
11710,0
11711,1
11712,1
11713,0
11714,0
11715,1
11716,1
11717,0
11718,0
11719,0
11720,1
11721,0
11722,1
11723,1
11724,0
11725,0
11726,0
11727,0
11728,0
11729,0
11730,1
11731,0
11732,1
11733,1
11734,1
11735,0
11736,0
11737,0
11738,0
11739,0
11740,0
11741,1
11742,0
11743,1
11744,0
11745,0
11746,0
11747,0
11748,0
11749,1
11750,0
11751,0
11752,1
11753,0
11754,0
11755,0
11756,0
11757,0
11758,1
11759,0
11760,0
11761,1
11762,0
11763,1
11764,1
11765,0
11766,1
11767,1
11768,0
11769,0
11770,0
11771,1
11772,0
11773,0
11774,0
11775,1
11776,1
11777,1
11778,0
11779,0
11780,1
11781,0
11782,0
11783,1
11784,0
11785,0
11786,0
11787,0
11788,1
11789,1
11790,0
11791,0
11792,1
11793,1
11794,1
11795,0
11796,1
11797,1
11798,1
11799,1
11800,1
11801,0
11802,1
11803,0
11804,1
11805,0
11806,0
11807,1
11808,0
11809,0
11810,0
11811,1
11812,0
11813,1
11814,0
11815,0
11816,0
11817,0
11818,1
11819,0
11820,1
11821,0
11822,0
11823,1
11824,0
11825,0
11826,0
11827,0
11828,0
11829,1
11830,0
11831,1
11832,0
11833,1
11834,0
11835,0
11836,1
11837,1
11838,1
11839,0
11840,0
11841,0
11842,0
11843,0
11844,0
11845,0
11846,1
11847,1
11848,0
11849,0
11850,0
11851,1
11852,0
11853,1
11854,0
11855,0
11856,0
11857,0
11858,1
11859,0
11860,1
11861,0
11862,0
11863,0
11864,0
11865,1
11866,0
11867,0
11868,1
11869,1
11870,0
11871,1
11872,1
11873,0
11874,0
11875,0
11876,0
11877,0
11878,0
11879,1
11880,0
11881,0
11882,1
11883,0
11884,0
11885,1
11886,0
11887,0
11888,1
11889,0
11890,0
11891,1
11892,0
11893,0
11894,0
11895,0
11896,0
11897,0
11898,0
11899,0
11900,0
11901,0
11902,1
11903,0
11904,0
11905,1
11906,0
11907,0
11908,0
11909,1
11910,1
11911,0
11912,0
11913,1
11914,0
11915,0
11916,0
11917,0
11918,1
11919,1
11920,1
11921,1
11922,0
11923,0
11924,0
11925,0
11926,1
11927,0
11928,1
11929,1
11930,1
11931,0
11932,1
11933,0
11934,1
11935,1
11936,0
11937,1
11938,1
11939,0
11940,0
11941,1
11942,0
11943,0
11944,0
11945,0
11946,1
11947,0
11948,1
11949,0
11950,0
11951,0
11952,0
11953,1
11954,0
11955,0
11956,0
11957,0
11958,0
11959,0
11960,1
11961,0
11962,1
11963,0
11964,1
11965,1
11966,0
11967,0
11968,0
11969,0
11970,0
11971,1
11972,0
11973,0
11974,0
11975,1
11976,1
11977,0
11978,1
11979,1
11980,0
11981,1
11982,0
11983,0
11984,1
11985,0
11986,0
11987,0
11988,0
11989,0
11990,1
11991,1
11992,0
11993,1
11994,0
11995,1
11996,0
11997,1
11998,1
11999,1
12000,0
12001,0
12002,1
12003,0
12004,0
12005,0
12006,1
12007,1
12008,1
12009,0
12010,0
12011,0
12012,0
12013,0
12014,1
12015,1
12016,0
12017,0
12018,1
12019,1
12020,0
12021,1
12022,0
12023,1
12024,0
12025,0
12026,0
12027,0
12028,0
12029,1
12030,0
12031,1
12032,0
12033,0
12034,1
12035,0
12036,0
12037,1
12038,0
12039,0
12040,1
12041,0
12042,1
12043,0
12044,0
12045,0
12046,0
12047,0
12048,1
12049,1
12050,0
12051,0
12052,1
12053,1
12054,0
12055,0
12056,1
12057,1
12058,1
12059,0
12060,1
12061,1
12062,1
12063,1
12064,1
12065,1
12066,0
12067,0
12068,1
12069,0
12070,0
12071,0
12072,0
12073,0
12074,0
12075,0
12076,0
12077,0
12078,1
12079,1
12080,1
12081,1
12082,1
12083,0
12084,0
12085,0
12086,0
12087,1
12088,1
12089,0
12090,1
12091,0
12092,0
12093,1
12094,1
12095,0
12096,0
12097,1
12098,0
12099,0
12100,1
12101,0
12102,0
12103,1
12104,0
12105,0
12106,1
12107,1
12108,1
12109,1
12110,0
12111,1
12112,0
12113,0
12114,1
12115,0
12116,0
12117,1
12118,0
12119,0
12120,0
12121,1
12122,1
12123,0
12124,0
12125,0
12126,0
12127,0
12128,0
12129,0
12130,0
12131,0
12132,0
12133,0
12134,1
12135,1
12136,0
12137,0
12138,0
12139,1
12140,1
12141,0
12142,0
12143,0
12144,0
12145,0
12146,1
12147,1
12148,1
12149,0
12150,1
12151,0
12152,1
12153,1
12154,0
12155,0
12156,0
12157,0
12158,0
12159,0
12160,0
12161,0
12162,0
12163,1
12164,0
12165,1
12166,0
12167,1
12168,0
12169,1
12170,1
12171,0
12172,1
12173,1
12174,0
12175,1
12176,1
12177,0
12178,0
12179,0
12180,1
12181,0
12182,0
12183,1
12184,0
12185,0
12186,0
12187,0
12188,1
12189,0
12190,1
12191,1
12192,0
12193,0
12194,0
12195,0
12196,1
12197,1
12198,0
12199,1
12200,1
12201,1
12202,0
12203,0
12204,0
12205,0
12206,0
12207,1
12208,0
12209,0
12210,0
12211,1
12212,0
12213,1
12214,1
12215,1
12216,1
12217,0
12218,0
12219,1
12220,1
12221,1
12222,1
12223,0
12224,0
12225,0
12226,1
12227,0
12228,0
12229,0
12230,0
12231,0
12232,1
12233,1
12234,0
12235,1
12236,1
12237,0
12238,1
12239,1
12240,0
12241,0
12242,0
12243,0
12244,0
12245,1
12246,1
12247,0
12248,1
12249,0
12250,0
12251,0
12252,0
12253,1
12254,1
12255,0
12256,0
12257,1
12258,1
12259,0
12260,1
12261,0
12262,1
12263,1
12264,0
12265,0
12266,0
12267,0
12268,0
12269,1
12270,0
12271,1
12272,0
12273,0
12274,1
12275,1
12276,0
12277,1
12278,0
12279,1
12280,1
12281,1
12282,0
12283,1
12284,1
12285,0
12286,1
12287,0
12288,1
12289,0
12290,1
12291,1
12292,1
12293,0
12294,0
12295,0
12296,0
12297,1
12298,1
12299,0
12300,1
12301,1
12302,0
12303,0
12304,1
12305,0
12306,0
12307,0
12308,0
12309,0
12310,1
12311,1
12312,0
12313,0
12314,1
12315,0
12316,1
12317,0
12318,1
12319,0
12320,1
12321,1
12322,0
12323,0
12324,0
12325,1
12326,1
12327,0
12328,0
12329,1
12330,0
12331,1
12332,1
12333,1
12334,0
12335,1
12336,1
12337,1
12338,0
12339,0
12340,0
12341,0
12342,0
12343,1
12344,1
12345,1
12346,0
12347,1
12348,0
12349,1
12350,0
12351,0
12352,1
12353,0
12354,0
12355,0
12356,0
12357,0
12358,0
12359,0
12360,0
12361,1
12362,1
12363,0
12364,0
12365,0
12366,1
12367,1
12368,0
12369,1
12370,0
12371,0
12372,0
12373,0
12374,1
12375,0
12376,0
12377,1
12378,0
12379,0
12380,0
12381,1
12382,1
12383,0
12384,1
12385,0
12386,0
12387,0
12388,1
12389,0
12390,0
12391,1
12392,1
12393,0
12394,1
12395,0
12396,1
12397,1
12398,0
12399,0
12400,0
12401,0
12402,0
12403,0
12404,0
12405,1
12406,0
12407,0
12408,0
12409,1
12410,0
12411,0
12412,0
12413,0
12414,1
12415,0
12416,0
12417,0
12418,1
12419,0
12420,1
12421,0
12422,0
12423,0
12424,1
12425,0
12426,0
12427,0
12428,0
12429,1
12430,0
12431,0
12432,0
12433,0
12434,0
12435,0
12436,1
12437,1
12438,1
12439,1
12440,0
12441,1
12442,0
12443,0
12444,0
12445,0
12446,0
12447,0
12448,0
12449,0
12450,0
12451,1
12452,0
12453,1
12454,0
12455,0
12456,0
12457,0
12458,1
12459,1
12460,0
12461,0
12462,0
12463,0
12464,0
12465,0
12466,1
12467,1
12468,1
12469,1
12470,0
12471,0
12472,0
12473,1
12474,0
12475,1
12476,1
12477,0
12478,0
12479,1
12480,1
12481,0
12482,1
12483,0
12484,0
12485,0
12486,0
12487,0
12488,0
12489,0
12490,0
12491,0
12492,0
12493,0
12494,0
12495,1
12496,0
12497,1
12498,0
12499,0
12500,0
12501,0
12502,0
12503,1
12504,1
12505,0
12506,1
12507,0
12508,0
12509,0
12510,0
12511,0
12512,0
12513,1
12514,0
12515,1
12516,0
12517,1
12518,1
12519,0
12520,1
12521,0
12522,0
12523,0
12524,1
12525,0
12526,0
12527,0
12528,0
12529,1
12530,1
12531,1
12532,0
12533,0
12534,0
12535,1
12536,1
12537,0
12538,1
12539,0
12540,0
12541,0
12542,0
12543,0
12544,1
12545,1
12546,0
12547,1
12548,0
12549,1
12550,0
12551,1
12552,1
12553,1
12554,1
12555,0
12556,0
12557,0
12558,1
12559,0
12560,1
12561,1
12562,0
12563,1
12564,0
12565,1
12566,0
12567,0
12568,0
12569,0
12570,0
12571,0
12572,1
12573,1
12574,1
12575,1
12576,1
12577,1
12578,0
12579,0
12580,1
12581,0
12582,0
12583,1
12584,0
12585,1
12586,0
12587,0
12588,0
12589,0
12590,0
12591,1
12592,1
12593,0
12594,0
12595,1
12596,0
12597,1
12598,0
12599,1
12600,1
12601,1
12602,0
12603,0
12604,0
12605,0
12606,0
12607,1
12608,0
12609,0
12610,0
12611,0
12612,0
12613,1
12614,1
12615,0
12616,0
12617,0
12618,0
12619,0
12620,0
12621,0
12622,0
12623,0
12624,0
12625,0
12626,1
12627,0
12628,1
12629,0
12630,1
12631,0
12632,1
12633,1
12634,0
12635,1
12636,0
12637,1
12638,0
12639,1
12640,0
12641,1
12642,1
12643,0
12644,1
12645,0
12646,0
12647,1
12648,1
12649,0
12650,0
12651,1
12652,1
12653,0
12654,0
12655,0
12656,0
12657,1
12658,0
12659,0
12660,0
12661,0
12662,1
12663,1
12664,0
12665,0
12666,1
12667,1
12668,1
12669,0
12670,0
12671,1
12672,0
12673,1
12674,1
12675,0
12676,0
12677,0
12678,0
12679,0
12680,1
12681,0
12682,1
12683,1
12684,0
12685,1
12686,1
12687,0
12688,0
12689,1
12690,1
12691,1
12692,0
12693,0
12694,0
12695,0
12696,0
12697,0
12698,1
12699,1
12700,0
12701,0
12702,0
12703,0
12704,0
12705,0
12706,0
12707,0
12708,1
12709,0
12710,0
12711,0
12712,0
12713,1
12714,1
12715,0
12716,1
12717,0
12718,0
12719,0
12720,0
12721,0
12722,0
12723,0
12724,1
12725,0
12726,1
12727,0
12728,1
12729,1
12730,1
12731,0
12732,0
12733,0
12734,0
12735,0
12736,1
12737,0
12738,0
12739,0
12740,0
12741,0
12742,0
12743,0
12744,0
12745,1
12746,0
12747,0
12748,1
12749,0
12750,0
12751,0
12752,0
12753,1
12754,0
12755,1
12756,1
12757,1
12758,0
12759,0
12760,0
12761,0
12762,0
12763,0
12764,0
12765,1
12766,0
12767,0
12768,1
12769,1
12770,0
12771,0
12772,0
12773,0
12774,1
12775,0
12776,0
12777,1
12778,1
12779,0
12780,0
12781,1
12782,1
12783,0
12784,0
12785,0
12786,0
12787,0
12788,0
12789,0
12790,1
12791,0
12792,0
12793,0
12794,0
12795,0
12796,0
12797,0
12798,0
12799,0
12800,0
12801,0
12802,1
12803,1
12804,0
12805,0
12806,1
12807,0
12808,0
12809,1
12810,1
12811,0
12812,0
12813,1
12814,0
12815,1
12816,0
12817,1
12818,0
12819,1
12820,0
12821,0
12822,0
12823,1
12824,1
12825,1
12826,0
12827,0
12828,1
12829,1
12830,1
12831,0
12832,0
12833,0
12834,1
12835,1
12836,0
12837,0
12838,1
12839,1
12840,0
12841,1
12842,0
12843,1
12844,0
12845,0
12846,1
12847,0
12848,1
12849,0
12850,0
12851,1
12852,1
12853,1
12854,1
12855,0
12856,0
12857,0
12858,1
12859,1
12860,1
12861,0
12862,0
12863,0
12864,0
12865,1
12866,1
12867,1
12868,0
12869,0
12870,0
12871,0
12872,1
12873,0
12874,1
12875,1
12876,0
12877,1
12878,1
12879,0
12880,1
12881,1
12882,1
12883,1
12884,1
12885,0
12886,1
12887,0
12888,1
12889,0
12890,0
12891,1
12892,1
12893,1
12894,1
12895,0
12896,0
12897,0
12898,1
12899,1
12900,0
12901,0
12902,0
12903,0
12904,0
12905,0
12906,1
12907,0
12908,0
12909,0
12910,0
12911,1
12912,1
12913,1
12914,0
12915,0
12916,0
12917,1
12918,0
12919,0
12920,1
12921,0
12922,1
12923,0
12924,0
12925,0
12926,1
12927,0
12928,1
12929,1
12930,0
12931,0
12932,0
12933,0
12934,1
12935,1
12936,1
12937,0
12938,1
12939,1
12940,1
12941,0
12942,0
12943,1
12944,1
12945,0
12946,0
12947,1
12948,0
12949,0
12950,0
12951,0
12952,1
12953,0
12954,0
12955,0
12956,1
12957,0
12958,0
12959,0
12960,1
12961,0
12962,1
12963,1
12964,0
12965,1
12966,1
12967,1
12968,0
12969,0
12970,0
12971,1
12972,0
12973,1
12974,1
12975,0
12976,0
12977,1
12978,0
12979,1
12980,1
12981,0
12982,1
12983,0
12984,0
12985,0
12986,0
12987,0
12988,0
12989,1
12990,0
12991,1
12992,0
12993,0
12994,0
12995,0
12996,1
12997,0
12998,1
12999,1
13000,0
13001,1
13002,1
13003,0
13004,1
13005,1
13006,0
13007,1
13008,0
13009,0
13010,0
13011,0
13012,1
13013,0
13014,0
13015,1
13016,0
13017,1
13018,0
13019,0
13020,0
13021,0
13022,0
13023,0
13024,0
13025,1
13026,1
13027,0
13028,1
13029,0
13030,0
13031,0
13032,0
13033,0
13034,1
13035,1
13036,1
13037,1
13038,0
13039,0
13040,0
13041,0
13042,0
13043,0
13044,0
13045,1
13046,1
13047,1
13048,1
13049,1
13050,0
13051,0
13052,1
13053,1
13054,1
13055,0
13056,1
13057,0
13058,0
13059,0
13060,0
13061,0
13062,0
13063,0
13064,0
13065,0
13066,0
13067,0
13068,0
13069,0
13070,1
13071,0
13072,1
13073,0
13074,1
13075,0
13076,0
13077,0
13078,1
13079,1
13080,0
13081,1
13082,0
13083,1
13084,0
13085,1
13086,1
13087,1
13088,1
13089,0
13090,0
13091,0
13092,1
13093,0
13094,0
13095,0
13096,1
13097,1
13098,0
13099,0
13100,1
13101,1
13102,0
13103,0
13104,0
13105,0
13106,0
13107,0
13108,1
13109,1
13110,0
13111,0
13112,0
13113,0
13114,0
13115,1
13116,0
13117,0
13118,0
13119,1
13120,0
13121,1
13122,1
13123,0
13124,0
13125,0
13126,0
13127,1
13128,0
13129,1
13130,1
13131,0
13132,0
13133,0
13134,0
13135,0
13136,1
13137,1
13138,1
13139,0
13140,1
13141,0
13142,0
13143,0
13144,0
13145,0
13146,1
13147,0
13148,0
13149,1
13150,0
13151,0
13152,1
13153,0
13154,1
13155,1
13156,0
13157,1
13158,1
13159,0
13160,0
13161,0
13162,0
13163,1
13164,0
13165,0
13166,1
13167,0
13168,0
13169,0
13170,1
13171,0
13172,1
13173,0
13174,0
13175,1
13176,1
13177,0
13178,1
13179,1
13180,1
13181,0
13182,0
13183,0
13184,0
13185,1
13186,1
13187,1
13188,1
13189,1
13190,1
13191,0
13192,1
13193,0
13194,0
13195,0
13196,1
13197,0
13198,1
13199,1
13200,1
13201,0
13202,1
13203,0
13204,0
13205,0
13206,1
13207,0
13208,1
13209,1
13210,0
13211,1
13212,1
13213,0
13214,0
13215,0
13216,0
13217,0
13218,0
13219,1
13220,1
13221,1
13222,0
13223,1
13224,0
13225,1
13226,0
13227,0
13228,1
13229,0
13230,0
13231,0
13232,0
13233,0
13234,1
13235,0
13236,1
13237,0
13238,0
13239,1
13240,0
13241,0
13242,0
13243,1
13244,0
13245,0
13246,1
13247,0
13248,0
13249,1
13250,0
13251,0
13252,1
13253,0
13254,0
13255,1
13256,1
13257,0
13258,0
13259,1
13260,0
13261,0
13262,0
13263,1
13264,0
13265,1
13266,1
13267,1
13268,0
13269,1
13270,1
13271,1
13272,1
13273,1
13274,0
13275,0
13276,0
13277,0
13278,1
13279,0
13280,0
13281,0
13282,0
13283,0
13284,1
13285,0
13286,0
13287,0
13288,0
13289,0
13290,1
13291,1
13292,0
13293,1
13294,0
13295,1
13296,0
13297,0
13298,1
13299,1
13300,0
13301,0
13302,0
13303,0
13304,0
13305,0
13306,1
13307,1
13308,0
13309,0
13310,1
13311,0
13312,0
13313,0
13314,0
13315,0
13316,1
13317,0
13318,0
13319,1
13320,1
13321,0
13322,1
13323,1
13324,0
13325,0
13326,0
13327,1
13328,0
13329,0
13330,1
13331,1
13332,0
13333,1
13334,0
13335,1
13336,0
13337,0
13338,0
13339,1
13340,0
13341,0
13342,0
13343,0
13344,0
13345,1
13346,1
13347,0
13348,0
13349,0
13350,1
13351,0
13352,0
13353,0
13354,0
13355,1
13356,1
13357,0
13358,0
13359,1
13360,1
13361,1
13362,1
13363,1
13364,0
13365,1
13366,0
13367,0
13368,0
13369,0
13370,1
13371,1
13372,0
13373,1
13374,1
13375,0
13376,0
13377,0
13378,0
13379,1
13380,1
13381,1
13382,0
13383,1
13384,1
13385,0
13386,1
13387,0
13388,1
13389,0
13390,0
13391,0
13392,0
13393,0
13394,1
13395,0
13396,0
13397,0
13398,0
13399,1
13400,0
13401,0
13402,0
13403,1
13404,1
13405,0
13406,1
13407,1
13408,1
13409,0
13410,0
13411,0
13412,0
13413,0
13414,1
13415,0
13416,0
13417,0
13418,0
13419,0
13420,0
13421,1
13422,1
13423,1
13424,0
13425,0
13426,1
13427,0
13428,0
13429,1
13430,0
13431,0
13432,0
13433,0
13434,0
13435,0
13436,0
13437,1
13438,0
13439,1
13440,0
13441,0
13442,1
13443,1
13444,0
13445,1
13446,0
13447,0
13448,1
13449,0
13450,0
13451,1
13452,1
13453,0
13454,1
13455,1
13456,0
13457,1
13458,0
13459,0
13460,1
13461,1
13462,0
13463,1
13464,0
13465,0
13466,0
13467,0
13468,0
13469,0
13470,0
13471,1
13472,1
13473,1
13474,0
13475,0
13476,0
13477,0
13478,1
13479,1
13480,0
13481,0
13482,1
13483,0
13484,0
13485,1
13486,0
13487,1
13488,1
13489,0
13490,0
13491,0
13492,0
13493,0
13494,1
13495,1
13496,0
13497,1
13498,0
13499,1
13500,0
13501,0
13502,0
13503,1
13504,0
13505,0
13506,0
13507,1
13508,0
13509,0
13510,1
13511,0
13512,0
13513,0
13514,0
13515,0
13516,0
13517,1
13518,0
13519,1
13520,0
13521,0
13522,1
13523,0
13524,0
13525,1
13526,1
13527,0
13528,0
13529,0
13530,0
13531,0
13532,1
13533,1
13534,1
13535,0
13536,0
13537,0
13538,0
13539,1
13540,0
13541,0
13542,0
13543,1
13544,1
13545,0
13546,1
13547,0
13548,0
13549,0
13550,1
13551,0
13552,0
13553,1
13554,0
13555,0
13556,1
13557,0
13558,1
13559,0
13560,0
13561,1
13562,1
13563,0
13564,0
13565,1
13566,0
13567,1
13568,1
13569,0
13570,1
13571,0
13572,1
13573,0
13574,1
13575,1
13576,0
13577,0
13578,1
13579,0
13580,1
13581,1
13582,0
13583,1
13584,0
13585,1
13586,0
13587,0
13588,1
13589,1
13590,0
13591,0
13592,1
13593,1
13594,1
13595,0
13596,1
13597,0
13598,0
13599,0
13600,0
13601,0
13602,1
13603,0
13604,0
13605,0
13606,0
13607,0
13608,1
13609,0
13610,0
13611,1
13612,1
13613,0
13614,0
13615,1
13616,0
13617,0
13618,0
13619,1
13620,0
13621,0
13622,0
13623,0
13624,1
13625,0
13626,0
13627,1
13628,0
13629,1
13630,1
13631,1
13632,0
13633,0
13634,0
13635,1
13636,1
13637,1
13638,0
13639,1
13640,0
13641,0
13642,0
13643,1
13644,1
13645,0
13646,1
13647,1
13648,0
13649,1
13650,0
13651,0
13652,0
13653,0
13654,1
13655,1
13656,0
13657,1
13658,1
13659,1
13660,0
13661,0
13662,0
13663,1
13664,1
13665,0
13666,1
13667,1
13668,0
13669,1
13670,1
13671,0
13672,1
13673,0
13674,0
13675,1
13676,0
13677,1
13678,0
13679,1
13680,0
13681,1
13682,1
13683,0
13684,1
13685,0
13686,1
13687,1
13688,1
13689,0
13690,0
13691,1
13692,1
13693,0
13694,0
13695,1
13696,0
13697,0
13698,1
13699,0
13700,1
13701,1
13702,1
13703,0
13704,1
13705,0
13706,1
13707,1
13708,1
13709,0
13710,0
13711,0
13712,0
13713,0
13714,0
13715,1
13716,1
13717,1
13718,0
13719,1
13720,0
13721,1
13722,0
13723,0
13724,0
13725,0
13726,0
13727,0
13728,0
13729,0
13730,1
13731,0
13732,1
13733,1
13734,0
13735,0
13736,1
13737,1
13738,0
13739,1
13740,1
13741,0
13742,1
13743,0
13744,1
13745,1
13746,1
13747,0
13748,1
13749,0
13750,0
13751,0
13752,1
13753,1
13754,0
13755,0
13756,1
13757,0
13758,1
13759,0
13760,0
13761,0
13762,0
13763,1
13764,0
13765,0
13766,1
13767,0
13768,0
13769,0
13770,0
13771,0
13772,0
13773,0
13774,1
13775,1
13776,1
13777,0
13778,0
13779,0
13780,0
13781,0
13782,1
13783,0
13784,0
13785,0
13786,1
13787,0
13788,1
13789,0
13790,1
13791,1
13792,0
13793,0
13794,0
13795,1
13796,1
13797,1
13798,0
13799,0
13800,1
13801,1
13802,0
13803,1
13804,0
13805,0
13806,0
13807,0
13808,1
13809,0
13810,0
13811,1
13812,0
13813,1
13814,0
13815,0
13816,0
13817,0
13818,0
13819,0
13820,0
13821,1
13822,1
13823,0
13824,1
13825,0
13826,0
13827,0
13828,0
13829,1
13830,1
13831,0
13832,1
13833,0
13834,0
13835,1
13836,1
13837,0
13838,1
13839,1
13840,0
13841,0
13842,0
13843,0
13844,0
13845,1
13846,1
13847,1
13848,0
13849,0
13850,0
13851,1
13852,0
13853,0
13854,0
13855,0
13856,1
13857,0
13858,1
13859,1
13860,0
13861,0
13862,1
13863,0
13864,0
13865,1
13866,0
13867,0
13868,1
13869,1
13870,0
13871,0
13872,0
13873,0
13874,1
13875,1
13876,0
13877,0
13878,1
13879,0
13880,1
13881,0
13882,0
13883,0
13884,0
13885,1
13886,1
13887,0
13888,1
13889,0
13890,1
13891,0
13892,1
13893,0
13894,1
13895,0
13896,0
13897,0
13898,0
13899,0
13900,1
13901,0
13902,0
13903,0
13904,1
13905,1
13906,0
13907,0
13908,1
13909,1
13910,0
13911,0
13912,1
13913,0
13914,1
13915,0
13916,0
13917,0
13918,0
13919,0
13920,0
13921,0
13922,0
13923,0
13924,0
13925,0
13926,0
13927,1
13928,1
13929,0
13930,1
13931,0
13932,1
13933,0
13934,0
13935,0
13936,0
13937,0
13938,0
13939,1
13940,0
13941,1
13942,1
13943,0
13944,0
13945,1
13946,1
13947,1
13948,0
13949,0
13950,0
13951,0
13952,0
13953,0
13954,0
13955,0
13956,0
13957,1
13958,1
13959,0
13960,0
13961,0
13962,1
13963,0
13964,1
13965,1
13966,1
13967,0
13968,0
13969,0
13970,0
13971,0
13972,1
13973,0
13974,0
13975,0
13976,0
13977,1
13978,1
13979,0
13980,1
13981,0
13982,0
13983,0
13984,1
13985,0
13986,1
13987,0
13988,1
13989,1
13990,0
13991,0
13992,0
13993,0
13994,1
13995,1
13996,0
13997,0
13998,0
13999,0
14000,1
14001,0
14002,1
14003,0
14004,1
14005,0
14006,0
14007,0
14008,0
14009,0
14010,0
14011,0
14012,1
14013,0
14014,1
14015,1
14016,0
14017,0
14018,0
14019,0
14020,1
14021,0
14022,1
14023,1
14024,1
14025,0
14026,0
14027,1
14028,0
14029,1
14030,0
14031,0
14032,1
14033,0
14034,1
14035,1
14036,0
14037,1
14038,0
14039,0
14040,1
14041,0
14042,0
14043,0
14044,0
14045,0
14046,0
14047,0
14048,0
14049,0
14050,0
14051,0
14052,1
14053,1
14054,0
14055,0
14056,0
14057,0
14058,1
14059,0
14060,0
14061,0
14062,1
14063,1
14064,0
14065,0
14066,0
14067,1
14068,1
14069,1
14070,0
14071,1
14072,0
14073,0
14074,1
14075,0
14076,0
14077,0
14078,0
14079,0
14080,0
14081,1
14082,1
14083,1
14084,0
14085,1
14086,1
14087,1
14088,0
14089,0
14090,0
14091,0
14092,1
14093,1
14094,1
14095,0
14096,1
14097,0
14098,0
14099,0
14100,1
14101,0
14102,0
14103,1
14104,0
14105,0
14106,0
14107,0
14108,0
14109,0
14110,1
14111,1
14112,0
14113,0
14114,1
14115,1
14116,0
14117,0
14118,0
14119,0
14120,0
14121,1
14122,1
14123,0
14124,1
14125,0
14126,0
14127,1
14128,1
14129,1
14130,0
14131,0
14132,0
14133,1
14134,0
14135,0
14136,1
14137,0
14138,1
14139,0
14140,0
14141,1
14142,0
14143,1
14144,0
14145,0
14146,1
14147,1
14148,0
14149,0
14150,1
14151,0
14152,0
14153,0
14154,1
14155,0
14156,0
14157,1
14158,0
14159,1
14160,0
14161,1
14162,0
14163,0
14164,0
14165,0
14166,0
14167,1
14168,1
14169,1
14170,1
14171,1
14172,0
14173,1
14174,1
14175,1
14176,0
14177,0
14178,0
14179,1
14180,0
14181,0
14182,1
14183,1
14184,0
14185,0
14186,1
14187,1
14188,0
14189,0
14190,1
14191,1
14192,0
14193,0
14194,1
14195,1
14196,1
14197,1
14198,0
14199,1
14200,0
14201,0
14202,0
14203,1
14204,1
14205,0
14206,0
14207,1
14208,0
14209,0
14210,0
14211,1
14212,1
14213,1
14214,0
14215,1
14216,0
14217,0
14218,1
14219,1
14220,1
14221,0
14222,0
14223,0
14224,0
14225,0
14226,1
14227,0
14228,0
14229,1
14230,0
14231,1
14232,0
14233,1
14234,0
14235,0
14236,0
14237,1
14238,0
14239,0
14240,0
14241,1
14242,1
14243,0
14244,1
14245,1
14246,0
14247,0
14248,0
14249,0
14250,0
14251,1
14252,0
14253,0
14254,1
14255,0
14256,0
14257,0
14258,0
14259,0
14260,1
14261,1
14262,0
14263,1
14264,0
14265,1
14266,0
14267,0
14268,0
14269,0
14270,0
14271,0
14272,1
14273,0
14274,1
14275,0
14276,0
14277,1
14278,0
14279,0
14280,0
14281,1
14282,0
14283,1
14284,0
14285,0
14286,1
14287,0
14288,0
14289,0
14290,1
14291,0
14292,0
14293,0
14294,0
14295,1
14296,0
14297,1
14298,1
14299,1
14300,0
14301,1
14302,0
14303,0
14304,0
14305,0
14306,1
14307,1
14308,0
14309,0
14310,0
14311,0
14312,1
14313,0
14314,0
14315,0
14316,0
14317,0
14318,1
14319,0
14320,1
14321,0
14322,0
14323,0
14324,1
14325,0
14326,0
14327,1
14328,0
14329,0
14330,1
14331,0
14332,0
14333,0
14334,0
14335,1
14336,1
14337,1
14338,1
14339,0
14340,1
14341,0
14342,0
14343,0
14344,0
14345,1
14346,1
14347,0
14348,1
14349,1
14350,1
14351,0
14352,1
14353,0
14354,1
14355,1
14356,1
14357,0
14358,0
14359,1
14360,0
14361,1
14362,1
14363,0
14364,0
14365,0
14366,1
14367,0
14368,1
14369,1
14370,1
14371,0
14372,0
14373,1
14374,1
14375,1
14376,1
14377,1
14378,0
14379,0
14380,1
14381,0
14382,0
14383,0
14384,1
14385,1
14386,0
14387,0
14388,0
14389,0
14390,1
14391,1
14392,0
14393,0
14394,1
14395,0
14396,0
14397,0
14398,1
14399,0
14400,1
14401,0
14402,0
14403,0
14404,0
14405,1
14406,0
14407,1
14408,1
14409,1
14410,1
14411,1
14412,1
14413,0
14414,0
14415,0
14416,0
14417,1
14418,1
14419,1
14420,1
14421,1
14422,1
14423,1
14424,0
14425,0
14426,1
14427,0
14428,1
14429,0
14430,0
14431,1
14432,0
14433,0
14434,1
14435,1
14436,0
14437,0
14438,0
14439,0
14440,1
14441,0
14442,0
14443,1
14444,1
14445,0
14446,1
14447,0
14448,1
14449,0
14450,1
14451,1
14452,1
14453,1
14454,1
14455,1
14456,0
14457,0
14458,0
14459,1
14460,0
14461,0
14462,0
14463,1
14464,0
14465,1
14466,0
14467,0
14468,0
14469,0
14470,1
14471,0
14472,0
14473,0
14474,1
14475,0
14476,0
14477,0
14478,0
14479,1
14480,0
14481,1
14482,0
14483,0
14484,1
14485,1
14486,1
14487,1
14488,1
14489,0
14490,0
14491,0
14492,1
14493,1
14494,1
14495,0
14496,1
14497,1
14498,0
14499,1
14500,1
14501,0
14502,1
14503,1
14504,0
14505,1
14506,0
14507,1
14508,1
14509,0
14510,0
14511,0
14512,1
14513,1
14514,0
14515,1
14516,1
14517,1
14518,0
14519,0
14520,0
14521,0
14522,0
14523,0
14524,0
14525,0
14526,1
14527,1
14528,0
14529,1
14530,1
14531,0
14532,1
14533,1
14534,0
14535,0
14536,1
14537,0
14538,0
14539,1
14540,0
14541,1
14542,0
14543,1
14544,0
14545,0
14546,0
14547,1
14548,1
14549,0
14550,1
14551,1
14552,0
14553,1
14554,0
14555,0
14556,0
14557,0
14558,0
14559,1
14560,0
14561,0
14562,0
14563,1
14564,0
14565,1
14566,0
14567,1
14568,0
14569,1
14570,0
14571,0
14572,0
14573,1
14574,0
14575,0
14576,0
14577,0
14578,0
14579,0
14580,0
14581,1
14582,0
14583,0
14584,0
14585,1
14586,1
14587,0
14588,1
14589,1
14590,0
14591,1
14592,1
14593,1
14594,0
14595,1
14596,0
14597,1
14598,0
14599,1
14600,0
14601,0
14602,0
14603,1
14604,1
14605,1
14606,0
14607,0
14608,1
14609,0
14610,1
14611,0
14612,0
14613,1
14614,0
14615,0
14616,0
14617,0
14618,0
14619,0
14620,0
14621,1
14622,0
14623,1
14624,0
14625,0
14626,0
14627,0
14628,0
14629,0
14630,1
14631,1
14632,0
14633,0
14634,1
14635,1
14636,1
14637,0
14638,1
14639,0
14640,1
14641,1
14642,0
14643,0
14644,1
14645,1
14646,1
14647,1
14648,1
14649,0
14650,0
14651,1
14652,1
14653,1
14654,0
14655,1
14656,0
14657,0
14658,0
14659,0
14660,0
14661,0
14662,0
14663,0
14664,1
14665,0
14666,0
14667,1
14668,1
14669,0
14670,0
14671,1
14672,0
14673,0
14674,1
14675,0
14676,0
14677,0
14678,1
14679,1
14680,1
14681,0
14682,1
14683,0
14684,0
14685,1
14686,1
14687,1
14688,0
14689,0
14690,0
14691,0
14692,0
14693,0
14694,0
14695,0
14696,0
14697,0
14698,1
14699,1
14700,0
14701,0
14702,0
14703,0
14704,1
14705,1
14706,0
14707,0
14708,1
14709,0
14710,0
14711,0
14712,0
14713,0
14714,1
14715,0
14716,1
14717,0
14718,0
14719,0
14720,0
14721,1
14722,0
14723,1
14724,1
14725,1
14726,0
14727,1
14728,0
14729,0
14730,1
14731,0
14732,1
14733,0
14734,0
14735,0
14736,0
14737,0
14738,0
14739,0
14740,0
14741,1
14742,0
14743,0
14744,0
14745,1
14746,1
14747,0
14748,1
14749,0
14750,0
14751,0
14752,1
14753,1
14754,0
14755,0
14756,0
14757,0
14758,1
14759,0
14760,1
14761,1
14762,0
14763,1
14764,0
14765,0
14766,0
14767,0
14768,1
14769,0
14770,0
14771,1
14772,0
14773,0
14774,1
14775,0
14776,0
14777,0
14778,1
14779,0
14780,0
14781,0
14782,0
14783,1
14784,1
14785,0
14786,1
14787,0
14788,1
14789,0
14790,0
14791,0
14792,0
14793,1
14794,0
14795,1
14796,0
14797,1
14798,0
14799,1
14800,0
14801,0
14802,0
14803,0
14804,0
14805,0
14806,1
14807,1
14808,1
14809,0
14810,0
14811,0
14812,0
14813,0
14814,0
14815,0
14816,0
14817,1
14818,0
14819,0
14820,0
14821,0
14822,1
14823,0
14824,0
14825,0
14826,1
14827,0
14828,0
14829,0
14830,1
14831,1
14832,1
14833,0
14834,0
14835,0
14836,0
14837,0
14838,0
14839,1
14840,0
14841,0
14842,1
14843,0
14844,0
14845,1
14846,1
14847,1
14848,0
14849,0
14850,1
14851,1
14852,0
14853,1
14854,1
14855,0
14856,0
14857,0
14858,0
14859,0
14860,1
14861,0
14862,0
14863,1
14864,0
14865,0
14866,1
14867,0
14868,0
14869,0
14870,0
14871,1
14872,1
14873,1
14874,0
14875,0
14876,1
14877,0
14878,0
14879,1
14880,1
14881,1
14882,0
14883,1
14884,0
14885,0
14886,0
14887,0
14888,1
14889,1
14890,0
14891,0
14892,1
14893,0
14894,0
14895,1
14896,0
14897,0
14898,1
14899,0
14900,1
14901,0
14902,1
14903,1
14904,1
14905,1
14906,1
14907,1
14908,1
14909,1
14910,1
14911,0
14912,0
14913,1
14914,1
14915,1
14916,1
14917,1
14918,0
14919,1
14920,0
14921,1
14922,0
14923,0
14924,0
14925,0
14926,1
14927,1
14928,0
14929,0
14930,0
14931,1
14932,0
14933,1
14934,1
14935,1
14936,0
14937,0
14938,0
14939,1
14940,0
14941,1
14942,0
14943,1
14944,0
14945,0
14946,0
14947,0
14948,1
14949,0
14950,0
14951,1
14952,0
14953,0
14954,0
14955,0
14956,0
14957,0
14958,1
14959,0
14960,1
14961,1
14962,0
14963,1
14964,0
14965,1
14966,0
14967,0
14968,0
14969,0
14970,0
14971,0
14972,0
14973,0
14974,0
14975,1
14976,0
14977,0
14978,0
14979,0
14980,1
14981,0
14982,0
14983,1
14984,1
14985,0
14986,0
14987,0
14988,0
14989,1
14990,1
14991,1
14992,1
14993,0
14994,0
14995,0
14996,0
14997,1
14998,0
14999,0
15000,1
15001,1
15002,0
15003,0
15004,0
15005,0
15006,0
15007,0
15008,0
15009,0
15010,1
15011,0
15012,0
15013,1
15014,0
15015,1
15016,0
15017,0
15018,0
15019,0
15020,0
15021,1
15022,0
15023,0
15024,0
15025,0
15026,1
15027,0
15028,0
15029,0
15030,0
15031,0
15032,1
15033,0
15034,0
15035,1
15036,0
15037,0
15038,1
15039,0
15040,1
15041,0
15042,0
15043,1
15044,0
15045,0
15046,0
15047,1
15048,1
15049,0
15050,0
15051,1
15052,1
15053,0
15054,0
15055,0
15056,1
15057,0
15058,1
15059,0
15060,0
15061,0
15062,1
15063,0
15064,0
15065,0
15066,0
15067,0
15068,0
15069,0
15070,0
15071,1
15072,0
15073,1
15074,0
15075,1
15076,1
15077,1
15078,0
15079,0
15080,1
15081,0
15082,0
15083,0
15084,0
15085,1
15086,1
15087,0
15088,1
15089,0
15090,0
15091,1
15092,0
15093,0
15094,0
15095,1
15096,0
15097,1
15098,0
15099,1
15100,0
15101,0
15102,0
15103,0
15104,1
15105,1
15106,1
15107,0
15108,1
15109,1
15110,0
15111,0
15112,1
15113,0
15114,0
15115,0
15116,0
15117,0
15118,1
15119,0
15120,0
15121,0
15122,0
15123,0
15124,0
15125,0
15126,0
15127,1
15128,0
15129,1
15130,0
15131,0
15132,0
15133,1
15134,1
15135,1
15136,0
15137,1
15138,0
15139,0
15140,1
15141,1
15142,0
15143,0
15144,1
15145,0
15146,0
15147,1
15148,1
15149,0
15150,0
15151,0
15152,0
15153,0
15154,1
15155,1
15156,0
15157,1
15158,0
15159,1
15160,0
15161,0
15162,0
15163,1
15164,1
15165,0
15166,1
15167,0
15168,1
15169,0
15170,0
15171,0
15172,0
15173,0
15174,0
15175,1
15176,1
15177,0
15178,1
15179,0
15180,0
15181,0
15182,0
15183,0
15184,0
15185,1
15186,0
15187,0
15188,0
15189,0
15190,0
15191,1
15192,1
15193,1
15194,1
15195,0
15196,0
15197,0
15198,1
15199,0
15200,1
15201,0
15202,0
15203,1
15204,0
15205,1
15206,1
15207,0
15208,0
15209,0
15210,0
15211,0
15212,0
15213,0
15214,0
15215,0
15216,1
15217,0
15218,0
15219,1
15220,0
15221,0
15222,1
15223,1
15224,0
15225,0
15226,1
15227,1
15228,1
15229,1
15230,0
15231,1
15232,1
15233,1
15234,1
15235,1
15236,0
15237,0
15238,0
15239,1
15240,1
15241,0
15242,0
15243,1
15244,0
15245,0
15246,0
15247,0
15248,1
15249,0
15250,1
15251,1
15252,1
15253,0
15254,1
15255,0
15256,0
15257,0
15258,1
15259,1
15260,1
15261,0
15262,1
15263,1
15264,0
15265,0
15266,0
15267,0
15268,1
15269,1
15270,0
15271,0
15272,0
15273,0
15274,1
15275,0
15276,1
15277,0
15278,1
15279,0
15280,0
15281,1
15282,0
15283,0
15284,1
15285,0
15286,0
15287,0
15288,0
15289,0
15290,0
15291,0
15292,1
15293,0
15294,1
15295,0
15296,0
15297,1
15298,1
15299,0
15300,0
15301,1
15302,1
15303,1
15304,0
15305,0
15306,0
15307,0
15308,0
15309,1
15310,1
15311,0
15312,0
15313,0
15314,0
15315,0
15316,0
15317,0
15318,1
15319,0
15320,0
15321,0
15322,0
15323,0
15324,0
15325,0
15326,0
15327,0
15328,0
15329,0
15330,0
15331,1
15332,1
15333,0
15334,1
15335,0
15336,0
15337,1
15338,0
15339,1
15340,0
15341,0
15342,0
15343,0
15344,1
15345,0
15346,1
15347,1
15348,0
15349,0
15350,1
15351,0
15352,0
15353,1
15354,0
15355,1
15356,0
15357,0
15358,0
15359,0
15360,1
15361,1
15362,0
15363,1
15364,1
15365,0
15366,1
15367,0
15368,1
15369,1
15370,0
15371,0
15372,1
15373,1
15374,0
15375,1
15376,0
15377,0
15378,1
15379,1
15380,0
15381,0
15382,1
15383,0
15384,0
15385,0
15386,0
15387,0
15388,1
15389,1
15390,0
15391,1
15392,1
15393,1
15394,0
15395,1
15396,0
15397,0
15398,1
15399,0
15400,0
15401,1
15402,0
15403,1
15404,0
15405,0
15406,1
15407,0
15408,0
15409,0
15410,0
15411,0
15412,1
15413,0
15414,0
15415,1
15416,0
15417,0
15418,1
15419,0
15420,0
15421,0
15422,1
15423,1
15424,0
15425,0
15426,1
15427,1
15428,0
15429,0
15430,0
15431,0
15432,0
15433,0
15434,0
15435,1
15436,0
15437,0
15438,1
15439,1
15440,0
15441,0
15442,0
15443,1
15444,0
15445,1
15446,0
15447,1
15448,0
15449,0
15450,0
15451,0
15452,0
15453,1
15454,0
15455,0
15456,0
15457,1
15458,0
15459,0
15460,1
15461,1
15462,0
15463,1
15464,0
15465,0
15466,0
15467,1
15468,1
15469,0
15470,1
15471,1
15472,1
15473,1
15474,0
15475,0
15476,0
15477,0
15478,1
15479,1
15480,0
15481,1
15482,1
15483,0
15484,0
15485,0
15486,1
15487,0
15488,0
15489,0
15490,0
15491,0
15492,1
15493,1
15494,1
15495,1
15496,0
15497,0
15498,1
15499,1
15500,1
15501,0
15502,1
15503,0
15504,0
15505,0
15506,1
15507,1
15508,1
15509,0
15510,0
15511,1
15512,0
15513,1
15514,1
15515,0
15516,0
15517,1
15518,0
15519,1
15520,0
15521,0
15522,1
15523,1
15524,1
15525,1
15526,0
15527,0
15528,1
15529,0
15530,0
15531,1
15532,0
15533,0
15534,0
15535,0
15536,1
15537,1
15538,1
15539,1
15540,0
15541,0
15542,1
15543,0
15544,0
15545,0
15546,0
15547,0
15548,0
15549,0
15550,0
15551,0
15552,0
15553,1
15554,1
15555,0
15556,0
15557,0
15558,0
15559,1
15560,0
15561,0
15562,0
15563,0
15564,1
15565,0
15566,1
15567,0
15568,1
15569,0
15570,0
15571,0
15572,1
15573,0
15574,0
15575,1
15576,0
15577,1
15578,1
15579,0
15580,0
15581,0
15582,1
15583,0
15584,0
15585,0
15586,0
15587,0
15588,0
15589,0
15590,0
15591,1
15592,1
15593,1
15594,0
15595,1
15596,0
15597,0
15598,0
15599,1
15600,1
15601,0
15602,0
15603,0
15604,1
15605,1
15606,0
15607,1
15608,0
15609,0
15610,0
15611,0
15612,1
15613,0
15614,0
15615,0
15616,0
15617,1
15618,0
15619,1
15620,0
15621,0
15622,1
15623,1
15624,0
15625,1
15626,1
15627,1
15628,0
15629,1
15630,0
15631,1
15632,0
15633,0
15634,0
15635,1
15636,1
15637,0
15638,1
15639,0
15640,1
15641,1
15642,0
15643,1
15644,0
15645,0
15646,1
15647,0
15648,0
15649,1
15650,0
15651,0
15652,0
15653,0
15654,1
15655,0
15656,0
15657,0
15658,1
15659,1
15660,0
15661,1
15662,1
15663,0
15664,1
15665,0
15666,1
15667,1
15668,0
15669,0
15670,1
15671,0
15672,1
15673,1
15674,1
15675,1
15676,1
15677,1
15678,1
15679,0
15680,0
15681,1
15682,1
15683,1
15684,1
15685,0
15686,0
15687,0
15688,1
15689,0
15690,0
15691,1
15692,0
15693,1
15694,0
15695,1
15696,1
15697,1
15698,1
15699,1
15700,1
15701,1
15702,0
15703,0
15704,1
15705,1
15706,0
15707,0
15708,0
15709,0
15710,1
15711,1
15712,0
15713,0
15714,0
15715,0
15716,0
15717,0
15718,0
15719,0
15720,0
15721,1
15722,0
15723,0
15724,0
15725,1
15726,0
15727,0
15728,0
15729,1
15730,1
15731,0
15732,1
15733,1
15734,1
15735,0
15736,0
15737,1
15738,1
15739,0
15740,1
15741,0
15742,1
15743,1
15744,0
15745,1
15746,1
15747,0
15748,0
15749,1
15750,0
15751,0
15752,0
15753,1
15754,0
15755,1
15756,1
15757,1
15758,0
15759,0
15760,0
15761,0
15762,1
15763,1
15764,1
15765,0
15766,0
15767,1
15768,0
15769,1
15770,1
15771,1
15772,0
15773,0
15774,0
15775,1
15776,0
15777,0
15778,1
15779,1
15780,0
15781,1
15782,0
15783,0
15784,0
15785,1
15786,0
15787,0
15788,0
15789,1
15790,0
15791,1
15792,1
15793,0
15794,1
15795,0
15796,0
15797,1
15798,1
15799,0
15800,1
15801,0
15802,0
15803,0
15804,0
15805,0
15806,0
15807,1
15808,0
15809,0
15810,0
15811,0
15812,0
15813,1
15814,0
15815,1
15816,0
15817,1
15818,0
15819,0
15820,0
15821,1
15822,1
15823,0
15824,0
15825,1
15826,0
15827,0
15828,1
15829,0
15830,0
15831,1
15832,1
15833,0
15834,0
15835,1
15836,1
15837,0
15838,0
15839,0
15840,1
15841,1
15842,0
15843,1
15844,0
15845,1
15846,1
15847,0
15848,1
15849,1
15850,1
15851,1
15852,0
15853,0
15854,1
15855,0
15856,1
15857,0
15858,1
15859,0
15860,0
15861,1
15862,0
15863,1
15864,1
15865,0
15866,1
15867,0
15868,0
15869,0
15870,0
15871,1
15872,1
15873,0
15874,1
15875,1
15876,0
15877,0
15878,1
15879,1
15880,0
15881,0
15882,0
15883,1
15884,0
15885,0
15886,0
15887,1
15888,0
15889,0
15890,0
15891,0
15892,1
15893,0
15894,1
15895,1
15896,1
15897,0
15898,0
15899,0
15900,0
15901,0
15902,0
15903,1
15904,1
15905,1
15906,1
15907,0
15908,0
15909,0
15910,0
15911,0
15912,1
15913,1
15914,0
15915,1
15916,0
15917,0
15918,0
15919,0
15920,1
15921,0
15922,1
15923,0
15924,0
15925,0
15926,0
15927,0
15928,0
15929,1
15930,0
15931,1
15932,0
15933,0
15934,1
15935,0
15936,1
15937,0
15938,0
15939,1
15940,0
15941,0
15942,0
15943,1
15944,1
15945,0
15946,0
15947,0
15948,1
15949,1
15950,0
15951,0
15952,0
15953,1
15954,1
15955,1
15956,1
15957,0
15958,0
15959,0
15960,0
15961,1
15962,1
15963,0
15964,0
15965,1
15966,0
15967,0
15968,1
15969,0
15970,0
15971,0
15972,0
15973,1
15974,0
15975,0
15976,0
15977,0
15978,0
15979,1
15980,0
15981,1
15982,1
15983,0
15984,0
15985,0
15986,0
15987,0
15988,1
15989,1
15990,1
15991,1
15992,1
15993,0
15994,0
15995,0
15996,1
15997,1
15998,0
15999,1
16000,1
16001,1
16002,1
16003,1
16004,0
16005,0
16006,1
16007,1
16008,1
16009,1
16010,0
16011,1
16012,0
16013,1
16014,1
16015,0
16016,0
16017,1
16018,1
16019,1
16020,1
16021,0
16022,0
16023,1
16024,0
16025,1
16026,1
16027,1
16028,0
16029,0
16030,0
16031,0
16032,0
16033,1
16034,0
16035,0
16036,0
16037,0
16038,1
16039,1
16040,0
16041,0
16042,0
16043,0
16044,0
16045,1
16046,0
16047,1
16048,1
16049,0
16050,0
16051,1
16052,0
16053,0
16054,0
16055,0
16056,0
16057,0
16058,0
16059,0
16060,0
16061,0
16062,1
16063,1
16064,0
16065,0
16066,1
16067,1
16068,1
16069,0
16070,0
16071,1
16072,0
16073,1
16074,0
16075,1
16076,1
16077,1
16078,1
16079,1
16080,0
16081,0
16082,0
16083,1
16084,0
16085,0
16086,0
16087,1
16088,0
16089,1
16090,0
16091,1
16092,0
16093,1
16094,0
16095,1
16096,1
16097,0
16098,1
16099,1
16100,0
16101,1
16102,0
16103,0
16104,1
16105,1
16106,0
16107,0
16108,1
16109,0
16110,1
16111,1
16112,1
16113,0
16114,0
16115,1
16116,1
16117,0
16118,1
16119,1
16120,1
16121,1
16122,0
16123,1
16124,1
16125,1
16126,1
16127,0
16128,0
16129,0
16130,0
16131,0
16132,0
16133,1
16134,0
16135,0
16136,0
16137,0
16138,0
16139,0
16140,0
16141,1
16142,0
16143,0
16144,0
16145,0
16146,1
16147,0
16148,0
16149,1
16150,1
16151,1
16152,0
16153,0
16154,0
16155,0
16156,1
16157,0
16158,0
16159,1
16160,1
16161,0
16162,0
16163,1
16164,1
16165,0
16166,0
16167,1
16168,1
16169,0
16170,0
16171,0
16172,1
16173,1
16174,1
16175,0
16176,1
16177,1
16178,0
16179,1
16180,1
16181,0
16182,1
16183,1
16184,0
16185,1
16186,0
16187,1
16188,0
16189,0
16190,0
16191,0
16192,0
16193,1
16194,1
16195,1
16196,0
16197,0
16198,1
16199,1
16200,0
16201,0
16202,0
16203,1
16204,0
16205,0
16206,0
16207,1
16208,0
16209,0
16210,0
16211,0
16212,0
16213,0
16214,1
16215,0
16216,0
16217,1
16218,0
16219,0
16220,0
16221,1
16222,1
16223,0
16224,0
16225,0
16226,0
16227,1
16228,0
16229,0
16230,1
16231,1
16232,0
16233,0
16234,0
16235,0
16236,0
16237,1
16238,0
16239,1
16240,0
16241,0
16242,0
16243,0
16244,1
16245,0
16246,1
16247,0
16248,0
16249,0
16250,1
16251,0
16252,0
16253,0
16254,1
16255,0
16256,0
16257,0
16258,0
16259,0
16260,1
16261,0
16262,1
16263,1
16264,1
16265,0
16266,1
16267,1
16268,0
16269,1
16270,1
16271,1
16272,0
16273,0
16274,1
16275,1
16276,1
16277,1
16278,0
16279,0
16280,0
16281,1
16282,0
16283,0
16284,1
16285,0
16286,0
16287,1
16288,0
16289,0
16290,0
16291,1
16292,1
16293,0
16294,1
16295,0
16296,1
16297,1
16298,0
16299,0
16300,1
16301,0
16302,0
16303,1
16304,1
16305,0
16306,0
16307,0
16308,1
16309,0
16310,0
16311,0
16312,1
16313,1
16314,0
16315,1
16316,1
16317,0
16318,0
16319,1
16320,0
16321,0
16322,1
16323,0
16324,0
16325,0
16326,0
16327,0
16328,0
16329,0
16330,0
16331,1
16332,0
16333,1
16334,0
16335,0
16336,1
16337,1
16338,0
16339,0
16340,0
16341,0
16342,1
16343,1
16344,1
16345,0
16346,0
16347,1
16348,1
16349,0
16350,1
16351,1
16352,1
16353,0
16354,0
16355,0
16356,0
16357,0
16358,1
16359,0
16360,0
16361,0
16362,1
16363,1
16364,1
16365,1
16366,0
16367,0
16368,0
16369,1
16370,0
16371,0
16372,1
16373,0
16374,0
16375,1
16376,0
16377,0
16378,0
16379,1
16380,1
16381,0
16382,0
16383,1
16384,1
16385,0
16386,1
16387,1
16388,1
16389,0
16390,1
16391,0
16392,0
16393,0
16394,0
16395,1
16396,0
16397,0
16398,0
16399,0
16400,1
16401,1
16402,1
16403,0
16404,1
16405,1
16406,1
16407,1
16408,0
16409,0
16410,1
16411,0
16412,1
16413,0
16414,1
16415,1
16416,1
16417,1
16418,0
16419,0
16420,0
16421,1
16422,0
16423,1
16424,1
16425,0
16426,0
16427,0
16428,0
16429,0
16430,0
16431,0
16432,0
16433,1
16434,1
16435,0
16436,0
16437,1
16438,0
16439,1
16440,1
16441,0
16442,1
16443,1
16444,1
16445,1
16446,1
16447,1
16448,0
16449,1
16450,0
16451,0
16452,0
16453,1
16454,0
16455,0
16456,0
16457,0
16458,1
16459,1
16460,1
16461,1
16462,1
16463,1
16464,0
16465,0
16466,0
16467,0
16468,1
16469,1
16470,0
16471,0
16472,1
16473,1
16474,1
16475,0
16476,0
16477,0
16478,1
16479,0
16480,1
16481,0
16482,1
16483,1
16484,0
16485,0
16486,1
16487,1
16488,0
16489,1
16490,0
16491,0
16492,1
16493,1
16494,0
16495,1
16496,1
16497,1
16498,0
16499,0
16500,1
16501,0
16502,0
16503,1
16504,0
16505,1
16506,1
16507,1
16508,1
16509,1
16510,0
16511,0
16512,0
16513,0
16514,1
16515,0
16516,0
16517,0
16518,1
16519,0
16520,1
16521,0
16522,1
16523,0
16524,0
16525,1
16526,1
16527,0
16528,1
16529,0
16530,0
16531,0
16532,0
16533,0
16534,0
16535,1
16536,0
16537,0
16538,1
16539,0
16540,0
16541,0
16542,0
16543,0
16544,1
16545,0
16546,1
16547,1
16548,0
16549,0
16550,0
16551,0
16552,1
16553,0
16554,1
16555,1
16556,0
16557,0
16558,0
16559,1
16560,0
16561,0
16562,1
16563,1
16564,1
16565,1
16566,0
16567,1
16568,1
16569,0
16570,0
16571,0
16572,0
16573,0
16574,0
16575,0
16576,0
16577,0
16578,0
16579,1
16580,0
16581,0
16582,0
16583,1
16584,0
16585,0
16586,1
16587,1
16588,0
16589,0
16590,0
16591,1
16592,1
16593,0
16594,0
16595,0
16596,0
16597,0
16598,0
16599,0
16600,0
16601,1
16602,0
16603,0
16604,0
16605,0
16606,0
16607,0
16608,0
16609,0
16610,0
16611,0
16612,1
16613,0
16614,1
16615,1
16616,1
16617,0
16618,0
16619,0
16620,1
16621,0
16622,0
16623,1
16624,1
16625,0
16626,0
16627,0
16628,1
16629,1
16630,0
16631,0
16632,0
16633,0
16634,1
16635,0
16636,1
16637,1
16638,1
16639,1
16640,0
16641,0
16642,0
16643,1
16644,1
16645,0
16646,1
16647,0
16648,1
16649,0
16650,0
16651,0
16652,1
16653,1
16654,1
16655,1
16656,1
16657,1
16658,0
16659,0
16660,1
16661,0
16662,0
16663,0
16664,0
16665,1
16666,1
16667,0
16668,0
16669,1
16670,1
16671,0
16672,0
16673,1
16674,0
16675,0
16676,0
16677,1
16678,1
16679,0
16680,0
16681,1
16682,0
16683,1
16684,1
16685,0
16686,1
16687,0
16688,0
16689,0
16690,0
16691,1
16692,0
16693,1
16694,1
16695,0
16696,1
16697,0
16698,0
16699,0
16700,1
16701,1
16702,0
16703,0
16704,0
16705,1
16706,0
16707,0
16708,0
16709,0
16710,0
16711,0
16712,0
16713,0
16714,1
16715,0
16716,0
16717,1
16718,1
16719,1
16720,1
16721,0
16722,1
16723,0
16724,0
16725,1
16726,1
16727,1
16728,1
16729,1
16730,1
16731,0
16732,1
16733,0
16734,0
16735,1
16736,0
16737,0
16738,0
16739,0
16740,0
16741,0
16742,0
16743,0
16744,0
16745,1
16746,0
16747,1
16748,1
16749,0
16750,0
16751,1
16752,1
16753,1
16754,0
16755,0
16756,1
16757,0
16758,0
16759,1
16760,1
16761,0
16762,1
16763,1
16764,0
16765,0
16766,0
16767,1
16768,0
16769,1
16770,0
16771,1
16772,0
16773,0
16774,0
16775,1
16776,0
16777,0
16778,0
16779,1
16780,1
16781,0
16782,1
16783,1
16784,0
16785,1
16786,1
16787,1
16788,1
16789,1
16790,0
16791,1
16792,0
16793,0
16794,0
16795,0
16796,1
16797,0
16798,0
16799,0
16800,0
16801,1
16802,0
16803,1
16804,0
16805,1
16806,0
16807,1
16808,0
16809,0
16810,1
16811,1
16812,1
16813,0
16814,0
16815,0
16816,1
16817,1
16818,0
16819,0
16820,0
16821,1
16822,0
16823,1
16824,0
16825,1
16826,0
16827,0
16828,0
16829,0
16830,0
16831,0
16832,0
16833,1
16834,1
16835,0
16836,1
16837,0
16838,1
16839,1
16840,0
16841,1
16842,0
16843,1
16844,0
16845,1
16846,1
16847,0
16848,0
16849,0
16850,1
16851,0
16852,0
16853,1
16854,1
16855,0
16856,0
16857,1
16858,1
16859,1
16860,0
16861,0
16862,0
16863,0
16864,0
16865,1
16866,0
16867,0
16868,1
16869,0
16870,1
16871,1
16872,0
16873,0
16874,0
16875,0
16876,0
16877,1
16878,1
16879,0
16880,0
16881,1
16882,1
16883,1
16884,0
16885,0
16886,0
16887,0
16888,0
16889,0
16890,1
16891,0
16892,0
16893,1
16894,1
16895,1
16896,0
16897,0
16898,1
16899,0
16900,0
16901,0
16902,1
16903,1
16904,0
16905,0
16906,0
16907,0
16908,0
16909,1
16910,0
16911,0
16912,0
16913,0
16914,0
16915,0
16916,0
16917,0
16918,1
16919,1
16920,0
16921,1
16922,0
16923,1
16924,1
16925,0
16926,0
16927,0
16928,1
16929,0
16930,0
16931,0
16932,1
16933,0
16934,0
16935,0
16936,1
16937,0
16938,0
16939,1
16940,0
16941,0
16942,1
16943,0
16944,1
16945,1
16946,0
16947,0
16948,1
16949,0
16950,0
16951,0
16952,0
16953,1
16954,1
16955,1
16956,0
16957,0
16958,0
16959,1
16960,0
16961,0
16962,1
16963,1
16964,1
16965,1
16966,0
16967,1
16968,0
16969,0
16970,0
16971,1
16972,0
16973,1
16974,1
16975,1
16976,1
16977,1
16978,0
16979,1
16980,0
16981,0
16982,0
16983,0
16984,1
16985,1
16986,1
16987,0
16988,0
16989,0
16990,1
16991,0
16992,1
16993,1
16994,0
16995,0
16996,1
16997,1
16998,0
16999,0
17000,1
17001,0
17002,0
17003,0
17004,1
17005,0
17006,0
17007,0
17008,1
17009,1
17010,1
17011,1
17012,1
17013,1
17014,0
17015,0
17016,0
17017,1
17018,1
17019,1
17020,0
17021,0
17022,0
17023,1
17024,1
17025,0
17026,1
17027,1
17028,0
17029,1
17030,0
17031,0
17032,0
17033,0
17034,0
17035,1
17036,1
17037,1
17038,0
17039,0
17040,0
17041,1
17042,1
17043,1
17044,1
17045,1
17046,0
17047,1
17048,1
17049,0
17050,0
17051,1
17052,0
17053,1
17054,0
17055,0
17056,0
17057,0
17058,1
17059,0
17060,0
17061,0
17062,0
17063,0
17064,1
17065,0
17066,1
17067,1
17068,1
17069,1
17070,1
17071,0
17072,1
17073,0
17074,1
17075,0
17076,0
17077,0
17078,1
17079,0
17080,1
17081,0
17082,1
17083,0
17084,0
17085,0
17086,0
17087,0
17088,1
17089,1
17090,1
17091,1
17092,1
17093,0
17094,0
17095,0
17096,0
17097,0
17098,1
17099,1
17100,0
17101,1
17102,1
17103,0
17104,1
17105,1
17106,1
17107,0
17108,0
17109,0
17110,0
17111,1
17112,0
17113,1
17114,0
17115,1
17116,0
17117,1
17118,0
17119,0
17120,1
17121,0
17122,0
17123,0
17124,0
17125,1
17126,1
17127,0
17128,0
17129,0
17130,0
17131,0
17132,1
17133,1
17134,0
17135,0
17136,0
17137,1
17138,1
17139,1
17140,0
17141,0
17142,1
17143,1
17144,0
17145,1
17146,0
17147,0
17148,0
17149,1
17150,1
17151,0
17152,0
17153,0
17154,0
17155,1
17156,1
17157,1
17158,1
17159,0
17160,1
17161,0
17162,0
17163,1
17164,0
17165,1
17166,1
17167,0
17168,1
17169,1
17170,1
17171,0
17172,1
17173,0
17174,1
17175,1
17176,0
17177,0
17178,0
17179,0
17180,0
17181,0
17182,0
17183,0
17184,1
17185,1
17186,0
17187,0
17188,1
17189,0
17190,1
17191,0
17192,1
17193,0
17194,0
17195,0
17196,0
17197,0
17198,0
17199,0
17200,0
17201,1
17202,1
17203,0
17204,0
17205,0
17206,1
17207,0
17208,0
17209,1
17210,1
17211,0
17212,1
17213,0
17214,1
17215,1
17216,0
17217,0
17218,1
17219,1
17220,1
17221,1
17222,0
17223,1
17224,1
17225,1
17226,0
17227,1
17228,0
17229,1
17230,1
17231,1
17232,0
17233,0
17234,0
17235,1
17236,0
17237,0
17238,0
17239,0
17240,0
17241,0
17242,1
17243,0
17244,0
17245,0
17246,1
17247,0
17248,1
17249,0
17250,0
17251,0
17252,0
17253,0
17254,0
17255,0
17256,0
17257,0
17258,1
17259,1
17260,0
17261,0
17262,1
17263,1
17264,1
17265,1
17266,0
17267,0
17268,0
17269,0
17270,1
17271,0
17272,0
17273,0
17274,0
17275,1
17276,0
17277,1
17278,0
17279,1
17280,1
17281,0
17282,0
17283,0
17284,0
17285,0
17286,0
17287,0
17288,0
17289,1
17290,0
17291,1
17292,0
17293,0
17294,1
17295,1
17296,0
17297,0
17298,0
17299,0
17300,1
17301,0
17302,1
17303,1
17304,1
17305,1
17306,1
17307,0
17308,0
17309,0
17310,1
17311,0
17312,0
17313,0
17314,0
17315,1
17316,0
17317,1
17318,1
17319,0
17320,0
17321,0
17322,0
17323,1
17324,0
17325,0
17326,1
17327,0
17328,0
17329,0
17330,1
17331,1
17332,0
17333,1
17334,0
17335,0
17336,1
17337,0
17338,1
17339,0
17340,1
17341,0
17342,0
17343,1
17344,1
17345,0
17346,0
17347,0
17348,0
17349,0
17350,0
17351,1
17352,0
17353,0
17354,0
17355,0
17356,0
17357,0
17358,1
17359,1
17360,1
17361,1
17362,0
17363,0
17364,1
17365,0
17366,1
17367,0
17368,0
17369,1
17370,0
17371,0
17372,1
17373,1
17374,0
17375,1
17376,1
17377,1
17378,0
17379,0
17380,0
17381,0
17382,0
17383,1
17384,1
17385,1
17386,0
17387,0
17388,0
17389,0
17390,0
17391,0
17392,0
17393,0
17394,0
17395,0
17396,1
17397,0
17398,1
17399,0
17400,0
17401,1
17402,1
17403,0
17404,0
17405,0
17406,1
17407,1
17408,0
17409,0
17410,1
17411,0
17412,1
17413,1
17414,1
17415,0
17416,1
17417,1
17418,0
17419,1
17420,0
17421,1
17422,0
17423,1
17424,0
17425,0
17426,1
17427,1
17428,0
17429,1
17430,0
17431,0
17432,0
17433,1
17434,1
17435,1
17436,0
17437,0
17438,0
17439,1
17440,1
17441,1
17442,0
17443,0
17444,1
17445,0
17446,1
17447,0
17448,0
17449,0
17450,1
17451,1
17452,1
17453,0
17454,0
17455,1
17456,0
17457,1
17458,0
17459,1
17460,1
17461,0
17462,1
17463,0
17464,1
17465,0
17466,0
17467,0
17468,1
17469,0
17470,0
17471,0
17472,0
17473,1
17474,1
17475,1
17476,0
17477,1
17478,0
17479,0
17480,1
17481,0
17482,1
17483,0
17484,1
17485,1
17486,0
17487,0
17488,1
17489,0
17490,1
17491,0
17492,0
17493,1
17494,0
17495,1
17496,0
17497,1
17498,0
17499,0
17500,0
17501,1
17502,1
17503,0
17504,0
17505,0
17506,1
17507,0
17508,0
17509,0
17510,1
17511,1
17512,0
17513,1
17514,0
17515,1
17516,0
17517,1
17518,0
17519,0
17520,1
17521,1
17522,1
17523,0
17524,0
17525,0
17526,0
17527,1
17528,1
17529,1
17530,1
17531,1
17532,1
17533,0
17534,0
17535,0
17536,1
17537,0
17538,0
17539,0
17540,1
17541,0
17542,0
17543,0
17544,0
17545,1
17546,1
17547,0
17548,0
17549,1
17550,0
17551,0
17552,0
17553,0
17554,0
17555,1
17556,1
17557,0
17558,0
17559,0
17560,0
17561,1
17562,1
17563,0
17564,1
17565,0
17566,1
17567,0
17568,1
17569,1
17570,1
17571,0
17572,1
17573,1
17574,0
17575,0
17576,0
17577,1
17578,1
17579,0
17580,1
17581,0
17582,0
17583,0
17584,1
17585,0
17586,1
17587,0
17588,0
17589,0
17590,1
17591,0
17592,0
17593,1
17594,0
17595,0
17596,1
17597,1
17598,0
17599,0
17600,0
17601,0
17602,0
17603,1
17604,0
17605,0
17606,0
17607,0
17608,1
17609,0
17610,0
17611,0
17612,0
17613,0
17614,0
17615,0
17616,0
17617,0
17618,0
17619,0
17620,0
17621,0
17622,1
17623,0
17624,0
17625,0
17626,1
17627,1
17628,0
17629,0
17630,1
17631,1
17632,0
17633,0
17634,1
17635,0
17636,1
17637,0
17638,0
17639,1
17640,0
17641,0
17642,1
17643,0
17644,0
17645,0
17646,0
17647,1
17648,0
17649,0
17650,0
17651,0
17652,1
17653,1
17654,0
17655,1
17656,0
17657,0
17658,1
17659,1
17660,0
17661,0
17662,0
17663,1
17664,0
17665,0
17666,1
17667,0
17668,0
17669,0
17670,0
17671,0
17672,1
17673,1
17674,1
17675,1
17676,0
17677,1
17678,0
17679,0
17680,0
17681,1
17682,1
17683,0
17684,0
17685,0
17686,0
17687,0
17688,1
17689,0
17690,1
17691,0
17692,1
17693,1
17694,0
17695,0
17696,0
17697,1
17698,0
17699,0
17700,1
17701,1
17702,1
17703,0
17704,0
17705,0
17706,0
17707,0
17708,1
17709,0
17710,0
17711,0
17712,0
17713,0
17714,1
17715,1
17716,0
17717,0
17718,1
17719,0
17720,0
17721,0
17722,1
17723,0
17724,0
17725,0
17726,0
17727,0
17728,0
17729,0
17730,1
17731,0
17732,0
17733,0
17734,0
17735,1
17736,1
17737,1
17738,1
17739,1
17740,1
17741,0
17742,0
17743,0
17744,1
17745,0
17746,0
17747,0
17748,0
17749,1
17750,0
17751,0
17752,1
17753,1
17754,1
17755,0
17756,0
17757,1
17758,1
17759,0
17760,0
17761,0
17762,0
17763,0
17764,1
17765,0
17766,1
17767,1
17768,0
17769,1
17770,1
17771,1
17772,0
17773,0
17774,1
17775,0
17776,0
17777,0
17778,1
17779,1
17780,1
17781,0
17782,0
17783,1
17784,1
17785,1
17786,1
17787,0
17788,1
17789,1
17790,1
17791,0
17792,0
17793,0
17794,0
17795,0
17796,0
17797,0
17798,0
17799,1
17800,0
17801,1
17802,0
17803,0
17804,0
17805,1
17806,0
17807,0
17808,1
17809,0
17810,0
17811,0
17812,1
17813,1
17814,1
17815,0
17816,1
17817,0
17818,0
17819,1
17820,0
17821,0
17822,1
17823,0
17824,1
17825,1
17826,1
17827,0
17828,1
17829,0
17830,1
17831,1
17832,0
17833,1
17834,1
17835,1
17836,0
17837,0
17838,0
17839,1
17840,0
17841,0
17842,0
17843,0
17844,0
17845,0
17846,1
17847,0
17848,1
17849,1
17850,1
17851,1
17852,0
17853,0
17854,0
17855,1
17856,0
17857,1
17858,1
17859,0
17860,1
17861,1
17862,0
17863,1
17864,0
17865,0
17866,1
17867,1
17868,1
17869,1
17870,1
17871,0
17872,1
17873,0
17874,1
17875,0
17876,1
17877,1
17878,0
17879,0
17880,0
17881,0
17882,0
17883,0
17884,1
17885,0
17886,1
17887,0
17888,1
17889,0
17890,0
17891,0
17892,1
17893,0
17894,1
17895,0
17896,0
17897,0
17898,0
17899,1
17900,1
17901,0
17902,0
17903,0
17904,0
17905,0
17906,1
17907,0
17908,0
17909,0
17910,1
17911,0
17912,0
17913,1
17914,0
17915,1
17916,0
17917,0
17918,1
17919,0
17920,1
17921,1
17922,0
17923,1
17924,1
17925,0
17926,0
17927,0
17928,0
17929,1
17930,1
17931,0
17932,0
17933,0
17934,0
17935,0
17936,1
17937,0
17938,1
17939,0
17940,0
17941,1
17942,1
17943,1
17944,1
17945,0
17946,1
17947,0
17948,1
17949,0
17950,1
17951,0
17952,0
17953,0
17954,1
17955,0
17956,1
17957,0
17958,0
17959,1
17960,0
17961,0
17962,0
17963,0
17964,1
17965,1
17966,1
17967,0
17968,1
17969,1
17970,1
17971,0
17972,1
17973,0
17974,0
17975,0
17976,0
17977,1
17978,0
17979,1
17980,0
17981,0
17982,0
17983,1
17984,0
17985,1
17986,1
17987,1
17988,1
17989,0
17990,0
17991,1
17992,1
17993,0
17994,1
17995,1
17996,0
17997,0
17998,0
17999,1
18000,0
18001,0
18002,0
18003,1
18004,1
18005,0
18006,1
18007,1
18008,0
18009,0
18010,1
18011,0
18012,1
18013,0
18014,1
18015,0
18016,0
18017,0
18018,1
18019,0
18020,1
18021,0
18022,0
18023,0
18024,0
18025,0
18026,1
18027,0
18028,0
18029,0
18030,0
18031,0
18032,1
18033,0
18034,0
18035,1
18036,1
18037,0
18038,1
18039,1
18040,0
18041,0
18042,1
18043,1
18044,0
18045,0
18046,1
18047,0
18048,1
18049,0
18050,0
18051,1
18052,0
18053,0
18054,1
18055,0
18056,1
18057,1
18058,0
18059,0
18060,0
18061,1
18062,1
18063,0
18064,1
18065,1
18066,0
18067,0
18068,1
18069,1
18070,1
18071,0
18072,0
18073,1
18074,1
18075,0
18076,0
18077,0
18078,1
18079,1
18080,1
18081,1
18082,1
18083,0
18084,0
18085,1
18086,0
18087,0
18088,0
18089,1
18090,1
18091,1
18092,0
18093,1
18094,0
18095,0
18096,1
18097,1
18098,1
18099,0
18100,1
18101,0
18102,0
18103,0
18104,1
18105,0
18106,0
18107,1
18108,0
18109,0
18110,0
18111,1
18112,1
18113,0
18114,0
18115,0
18116,0
18117,0
18118,0
18119,1
18120,1
18121,0
18122,0
18123,0
18124,0
18125,1
18126,1
18127,1
18128,0
18129,1
18130,1
18131,1
18132,0
18133,1
18134,0
18135,0
18136,1
18137,0
18138,0
18139,0
18140,0
18141,0
18142,0
18143,1
18144,1
18145,1
18146,0
18147,0
18148,1
18149,0
18150,0
18151,0
18152,0
18153,0
18154,1
18155,1
18156,0
18157,0
18158,1
18159,0
18160,1
18161,0
18162,0
18163,1
18164,0
18165,1
18166,0
18167,0
18168,1
18169,0
18170,1
18171,0
18172,0
18173,0
18174,1
18175,0
18176,0
18177,1
18178,1
18179,1
18180,0
18181,1
18182,0
18183,0
18184,0
18185,1
18186,0
18187,0
18188,0
18189,0
18190,0
18191,1
18192,0
18193,0
18194,0
18195,1
18196,1
18197,0
18198,0
18199,0
18200,0
18201,1
18202,1
18203,1
18204,1
18205,1
18206,0
18207,1
18208,0
18209,1
18210,1
18211,0
18212,0
18213,0
18214,0
18215,0
18216,1
18217,0
18218,0
18219,0
18220,1
18221,0
18222,1
18223,0
18224,0
18225,1
18226,1
18227,1
18228,1
18229,0
18230,0
18231,1
18232,1
18233,1
18234,0
18235,0
18236,1
18237,1
18238,1
18239,1
18240,0
18241,0
18242,0
18243,0
18244,0
18245,1
18246,0
18247,1
18248,0
18249,0
18250,0
18251,1
18252,0
18253,1
18254,1
18255,0
18256,0
18257,0
18258,0
18259,1
18260,0
18261,0
18262,0
18263,0
18264,0
18265,1
18266,0
18267,1
18268,0
18269,0
18270,1
18271,1
18272,0
18273,0
18274,0
18275,0
18276,0
18277,1
18278,0
18279,0
18280,0
18281,0
18282,1
18283,1
18284,0
18285,0
18286,1
18287,0
18288,0
18289,1
18290,0
18291,1
18292,1
18293,0
18294,1
18295,0
18296,1
18297,0
18298,0
18299,0
18300,1
18301,0
18302,1
18303,0
18304,1
18305,0
18306,0
18307,0
18308,1
18309,0
18310,1
18311,0
18312,1
18313,1
18314,1
18315,0
18316,1
18317,0
18318,0
18319,0
18320,1
18321,1
18322,1
18323,1
18324,0
18325,0
18326,1
18327,0
18328,1
18329,1
18330,0
18331,1
18332,0
18333,1
18334,1
18335,1
18336,0
18337,1
18338,0
18339,0
18340,0
18341,0
18342,1
18343,1
18344,0
18345,0
18346,0
18347,0
18348,1
18349,0
18350,1
18351,1
18352,0
18353,0
18354,0
18355,0
18356,0
18357,0
18358,0
18359,0
18360,0
18361,0
18362,0
18363,0
18364,0
18365,0
18366,0
18367,1
18368,1
18369,0
18370,0
18371,0
18372,1
18373,0
18374,0
18375,0
18376,1
18377,1
18378,0
18379,0
18380,1
18381,0
18382,1
18383,1
18384,0
18385,0
18386,0
18387,1
18388,0
18389,0
18390,0
18391,1
18392,0
18393,0
18394,0
18395,0
18396,0
18397,0
18398,1
18399,0
18400,0
18401,0
18402,0
18403,0
18404,1
18405,0
18406,1
18407,1
18408,0
18409,0
18410,0
18411,0
18412,0
18413,0
18414,1
18415,0
18416,0
18417,1
18418,0
18419,0
18420,1
18421,1
18422,0
18423,0
18424,1
18425,1
18426,1
18427,0
18428,1
18429,0
18430,1
18431,1
18432,1
18433,0
18434,0
18435,0
18436,0
18437,1
18438,0
18439,1
18440,0
18441,0
18442,1
18443,0
18444,0
18445,0
18446,0
18447,0
18448,1
18449,0
18450,0
18451,0
18452,0
18453,1
18454,0
18455,0
18456,0
18457,0
18458,1
18459,0
18460,0
18461,1
18462,1
18463,0
18464,0
18465,0
18466,1
18467,1
18468,0
18469,0
18470,0
18471,1
18472,1
18473,0
18474,1
18475,0
18476,0
18477,1
18478,0
18479,0
18480,0
18481,1
18482,1
18483,0
18484,0
18485,0
18486,0
18487,0
18488,0
18489,1
18490,1
18491,0
18492,0
18493,0
18494,1
18495,0
18496,0
18497,1
18498,0
18499,0
18500,0
18501,0
18502,1
18503,0
18504,1
18505,1
18506,0
18507,1
18508,0
18509,0
18510,0
18511,1
18512,1
18513,0
18514,0
18515,1
18516,0
18517,1
18518,0
18519,0
18520,1
18521,1
18522,0
18523,1
18524,0
18525,0
18526,0
18527,1
18528,0
18529,0
18530,1
18531,0
18532,1
18533,1
18534,0
18535,1
18536,0
18537,1
18538,0
18539,0
18540,1
18541,0
18542,1
18543,1
18544,1
18545,0
18546,0
18547,0
18548,1
18549,1
18550,1
18551,1
18552,0
18553,0
18554,1
18555,0
18556,0
18557,1
18558,1
18559,1
18560,1
18561,1
18562,1
18563,1
18564,1
18565,0
18566,1
18567,1
18568,1
18569,1
18570,0
18571,0
18572,0
18573,1
18574,0
18575,0
18576,0
18577,1
18578,0
18579,0
18580,1
18581,1
18582,0
18583,1
18584,0
18585,0
18586,0
18587,0
18588,0
18589,0
18590,0
18591,0
18592,0
18593,1
18594,0
18595,0
18596,0
18597,0
18598,0
18599,0
18600,0
18601,0
18602,0
18603,0
18604,1
18605,0
18606,0
18607,0
18608,1
18609,1
18610,0
18611,0
18612,1
18613,0
18614,1
18615,0
18616,0
18617,1
18618,1
18619,0
18620,0
18621,0
18622,1
18623,0
18624,1
18625,0
18626,0
18627,1
18628,0
18629,0
18630,1
18631,1
18632,0
18633,0
18634,0
18635,0
18636,0
18637,0
18638,1
18639,1
18640,0
18641,0
18642,1
18643,0
18644,0
18645,1
18646,0
18647,0
18648,1
18649,0
18650,1
18651,0
18652,1
18653,1
18654,0
18655,1
18656,1
18657,0
18658,0
18659,0
18660,0
18661,1
18662,1
18663,0
18664,0
18665,0
18666,0
18667,1
18668,0
18669,0
18670,0
18671,0
18672,0
18673,1
18674,1
18675,0
18676,0
18677,0
18678,0
18679,0
18680,0
18681,0
18682,0
18683,1
18684,0
18685,0
18686,0
18687,0
18688,0
18689,1
18690,0
18691,1
18692,0
18693,0
18694,0
18695,0
18696,0
18697,0
18698,0
18699,0
18700,0
18701,1
18702,0
18703,1
18704,0
18705,0
18706,0
18707,0
18708,1
18709,1
18710,0
18711,0
18712,0
18713,0
18714,1
18715,1
18716,0
18717,1
18718,0
18719,0
18720,0
18721,0
18722,0
18723,0
18724,1
18725,0
18726,0
18727,0
18728,1
18729,1
18730,0
18731,0
18732,1
18733,1
18734,1
18735,0
18736,1
18737,1
18738,1
18739,0
18740,0
18741,1
18742,0
18743,0
18744,0
18745,0
18746,0
18747,0
18748,0
18749,0
18750,1
18751,1
18752,1
18753,0
18754,0
18755,0
18756,0
18757,0
18758,1
18759,1
18760,1
18761,0
18762,0
18763,0
18764,0
18765,1
18766,1
18767,0
18768,1
18769,0
18770,1
18771,0
18772,0
18773,0
18774,0
18775,0
18776,0
18777,0
18778,0
18779,0
18780,0
18781,1
18782,1
18783,0
18784,0
18785,0
18786,1
18787,0
18788,0
18789,0
18790,0
18791,1
18792,0
18793,1
18794,0
18795,1
18796,0
18797,0
18798,0
18799,0
18800,0
18801,0
18802,0
18803,1
18804,0
18805,0
18806,0
18807,0
18808,0
18809,0
18810,0
18811,0
18812,1
18813,1
18814,0
18815,0
18816,0
18817,0
18818,0
18819,1
18820,0
18821,1
18822,1
18823,0
18824,0
18825,0
18826,0
18827,1
18828,0
18829,0
18830,1
18831,0
18832,0
18833,0
18834,0
18835,1
18836,0
18837,0
18838,1
18839,0
18840,0
18841,1
18842,0
18843,0
18844,0
18845,1
18846,1
18847,0
18848,1
18849,1
18850,0
18851,0
18852,1
18853,0
18854,0
18855,0
18856,1
18857,0
18858,1
18859,0
18860,1
18861,1
18862,1
18863,0
18864,0
18865,0
18866,0
18867,0
18868,0
18869,0
18870,1
18871,0
18872,0
18873,0
18874,1
18875,1
18876,1
18877,1
18878,0
18879,1
18880,1
18881,0
18882,0
18883,0
18884,1
18885,0
18886,0
18887,1
18888,1
18889,0
18890,0
18891,1
18892,1
18893,1
18894,1
18895,0
18896,1
18897,0
18898,1
18899,0
18900,0
18901,1
18902,0
18903,0
18904,1
18905,1
18906,0
18907,1
18908,0
18909,0
18910,0
18911,0
18912,0
18913,0
18914,0
18915,1
18916,1
18917,0
18918,0
18919,0
18920,1
18921,0
18922,1
18923,1
18924,0
18925,0
18926,1
18927,0
18928,0
18929,1
18930,1
18931,0
18932,1
18933,0
18934,0
18935,0
18936,0
18937,0
18938,0
18939,0
18940,1
18941,0
18942,0
18943,0
18944,1
18945,1
18946,0
18947,0
18948,0
18949,1
18950,0
18951,0
18952,0
18953,0
18954,0
18955,1
18956,0
18957,0
18958,1
18959,0
18960,0
18961,1
18962,0
18963,0
18964,0
18965,0
18966,0
18967,1
18968,1
18969,1
18970,1
18971,1
18972,1
18973,0
18974,1
18975,1
18976,0
18977,1
18978,0
18979,0
18980,0
18981,1
18982,0
18983,0
18984,0
18985,1
18986,0
18987,0
18988,1
18989,0
18990,1
18991,0
18992,0
18993,0
18994,0
18995,0
18996,0
18997,0
18998,1
18999,0
19000,0
19001,0
19002,1
19003,0
19004,0
19005,0
19006,1
19007,1
19008,0
19009,0
19010,0
19011,1
19012,0
19013,1
19014,0
19015,0
19016,0
19017,0
19018,0
19019,0
19020,1
19021,0
19022,0
19023,0
19024,1
19025,0
19026,0
19027,0
19028,0
19029,0
19030,1
19031,0
19032,0
19033,1
19034,1
19035,0
19036,0
19037,0
19038,0
19039,1
19040,0
19041,0
19042,0
19043,1
19044,0
19045,1
19046,0
19047,1
19048,0
19049,1
19050,0
19051,0
19052,0
19053,1
19054,0
19055,0
19056,0
19057,0
19058,0
19059,1
19060,0
19061,1
19062,1
19063,0
19064,0
19065,1
19066,1
19067,0
19068,1
19069,1
19070,0
19071,0
19072,0
19073,0
19074,1
19075,0
19076,1
19077,1
19078,0
19079,0
19080,1
19081,0
19082,0
19083,0
19084,0
19085,1
19086,1
19087,0
19088,1
19089,0
19090,1
19091,1
19092,0
19093,0
19094,1
19095,0
19096,1
19097,0
19098,1
19099,0
19100,0
19101,1
19102,0
19103,1
19104,1
19105,0
19106,1
19107,1
19108,1
19109,1
19110,0
19111,1
19112,1
19113,1
19114,1
19115,0
19116,1
19117,1
19118,0
19119,1
19120,0
19121,0
19122,0
19123,0
19124,0
19125,1
19126,0
19127,1
19128,0
19129,1
19130,1
19131,1
19132,1
19133,1
19134,1
19135,0
19136,0
19137,0
19138,0
19139,1
19140,0
19141,0
19142,1
19143,0
19144,0
19145,0
19146,0
19147,1
19148,0
19149,1
19150,1
19151,0
19152,1
19153,0
19154,1
19155,0
19156,0
19157,0
19158,1
19159,0
19160,0
19161,0
19162,0
19163,1
19164,0
19165,0
19166,0
19167,1
19168,0
19169,1
19170,1
19171,0
19172,1
19173,1
19174,0
19175,0
19176,1
19177,1
19178,0
19179,0
19180,0
19181,1
19182,0
19183,0
19184,1
19185,0
19186,1
19187,1
19188,0
19189,1
19190,1
19191,1
19192,1
19193,1
19194,0
19195,0
19196,0
19197,0
19198,1
19199,1
19200,0
19201,0
19202,0
19203,0
19204,0
19205,0
19206,1
19207,1
19208,0
19209,1
19210,0
19211,0
19212,0
19213,1
19214,0
19215,1
19216,0
19217,0
19218,1
19219,0
19220,0
19221,0
19222,0
19223,0
19224,1
19225,1
19226,1
19227,0
19228,0
19229,0
19230,1
19231,1
19232,0
19233,1
19234,1
19235,0
19236,0
19237,0
19238,1
19239,0
19240,1
19241,1
19242,0
19243,1
19244,0
19245,0
19246,1
19247,0
19248,1
19249,0
19250,1
19251,1
19252,0
19253,0
19254,0
19255,1
19256,1
19257,0
19258,0
19259,0
19260,0
19261,0
19262,0
19263,0
19264,0
19265,0
19266,1
19267,0
19268,0
19269,0
19270,1
19271,0
19272,0
19273,0
19274,0
19275,0
19276,1
19277,0
19278,1
19279,0
19280,1
19281,0
19282,0
19283,0
19284,0
19285,1
19286,1
19287,0
19288,0
19289,0
19290,1
19291,1
19292,1
19293,1
19294,1
19295,0
19296,1
19297,0
19298,0
19299,1
19300,0
19301,0
19302,0
19303,1
19304,0
19305,0
19306,0
19307,1
19308,0
19309,1
19310,1
19311,0
19312,0
19313,1
19314,0
19315,1
19316,0
19317,0
19318,1
19319,0
19320,0
19321,1
19322,1
19323,0
19324,0
19325,0
19326,0
19327,1
19328,0
19329,1
19330,0
19331,0
19332,0
19333,0
19334,0
19335,1
19336,1
19337,0
19338,1
19339,0
19340,1
19341,0
19342,1
19343,0
19344,0
19345,0
19346,0
19347,0
19348,1
19349,1
19350,1
19351,0
19352,0
19353,0
19354,1
19355,0
19356,1
19357,0
19358,0
19359,0
19360,1
19361,1
19362,1
19363,1
19364,1
19365,1
19366,0
19367,0
19368,0
19369,1
19370,0
19371,0
19372,1
19373,1
19374,1
19375,1
19376,0
19377,0
19378,0
19379,0
19380,0
19381,0
19382,1
19383,0
19384,0
19385,1
19386,1
19387,0
19388,1
19389,0
19390,0
19391,0
19392,0
19393,0
19394,1
19395,0
19396,0
19397,1
19398,0
19399,1
19400,1
19401,0
19402,0
19403,1
19404,0
19405,0
19406,0
19407,0
19408,0
19409,0
19410,1
19411,1
19412,1
19413,0
19414,0
19415,0
19416,0
19417,0
19418,0
19419,0
19420,1
19421,0
19422,1
19423,0
19424,0
19425,0
19426,1
19427,1
19428,0
19429,1
19430,0
19431,0
19432,0
19433,0
19434,0
19435,1
19436,1
19437,1
19438,1
19439,1
19440,1
19441,0
19442,0
19443,1
19444,0
19445,0
19446,0
19447,0
19448,1
19449,1
19450,0
19451,0
19452,1
19453,1
19454,0
19455,0
19456,0
19457,0
19458,1
19459,1
19460,0
19461,0
19462,0
19463,1
19464,0
19465,1
19466,1
19467,0
19468,1
19469,1
19470,1
19471,0
19472,0
19473,0
19474,1
19475,0
19476,0
19477,1
19478,0
19479,1
19480,1
19481,1
19482,1
19483,0
19484,0
19485,1
19486,1
19487,0
19488,0
19489,0
19490,0
19491,0
19492,1
19493,1
19494,1
19495,0
19496,1
19497,0
19498,0
19499,0
19500,0
19501,1
19502,0
19503,0
19504,0
19505,0
19506,1
19507,0
19508,1
19509,0
19510,1
19511,0
19512,1
19513,1
19514,1
19515,0
19516,1
19517,1
19518,0
19519,0
19520,0
19521,1
19522,0
19523,1
19524,1
19525,0
19526,1
19527,0
19528,0
19529,0
19530,1
19531,0
19532,0
19533,0
19534,0
19535,0
19536,0
19537,0
19538,0
19539,1
19540,0
19541,0
19542,0
19543,1
19544,1
19545,1
19546,0
19547,0
19548,0
19549,0
19550,0
19551,1
19552,0
19553,1
19554,0
19555,0
19556,0
19557,0
19558,1
19559,0
19560,1
19561,0
19562,1
19563,0
19564,0
19565,1
19566,0
19567,1
19568,0
19569,1
19570,1
19571,0
19572,0
19573,0
19574,0
19575,0
19576,0
19577,1
19578,0
19579,1
19580,0
19581,0
19582,1
19583,0
19584,1
19585,0
19586,1
19587,0
19588,0
19589,0
19590,0
19591,0
19592,0
19593,0
19594,0
19595,1
19596,0
19597,0
19598,1
19599,1
19600,1
19601,0
19602,0
19603,0
19604,1
19605,0
19606,0
19607,0
19608,0
19609,0
19610,0
19611,1
19612,1
19613,1
19614,1
19615,0
19616,1
19617,0
19618,0
19619,1
19620,1
19621,1
19622,1
19623,0
19624,0
19625,0
19626,0
19627,1
19628,0
19629,0
19630,0
19631,1
19632,1
19633,0
19634,0
19635,0
19636,0
19637,0
19638,0
19639,1
19640,0
19641,1
19642,0
19643,0
19644,0
19645,1
19646,1
19647,0
19648,1
19649,0
19650,1
19651,0
19652,0
19653,1
19654,0
19655,1
19656,0
19657,1
19658,0
19659,0
19660,0
19661,1
19662,1
19663,0
19664,1
19665,1
19666,0
19667,0
19668,0
19669,0
19670,1
19671,1
19672,0
19673,1
19674,0
19675,0
19676,1
19677,0
19678,0
19679,0
19680,1
19681,0
19682,0
19683,1
19684,1
19685,0
19686,0
19687,1
19688,1
19689,0
19690,0
19691,0
19692,1
19693,1
19694,0
19695,0
19696,0
19697,0
19698,0
19699,1
19700,0
19701,0
19702,0
19703,1
19704,0
19705,0
19706,0
19707,0
19708,0
19709,0
19710,0
19711,0
19712,1
19713,1
19714,1
19715,0
19716,1
19717,1
19718,1
19719,0
19720,0
19721,0
19722,1
19723,0
19724,0
19725,1
19726,0
19727,0
19728,0
19729,0
19730,1
19731,1
19732,1
19733,1
19734,0
19735,1
19736,1
19737,1
19738,1
19739,0
19740,0
19741,0
19742,0
19743,0
19744,1
19745,0
19746,1
19747,1
19748,0
19749,0
19750,1
19751,0
19752,0
19753,1
19754,1
19755,1
19756,0
19757,0
19758,0
19759,0
19760,1
19761,0
19762,1
19763,1
19764,0
19765,0
19766,0
19767,0
19768,0
19769,1
19770,0
19771,0
19772,1
19773,1
19774,0
19775,0
19776,0
19777,0
19778,0
19779,1
19780,0
19781,0
19782,1
19783,1
19784,1
19785,1
19786,1
19787,0
19788,0
19789,1
19790,0
19791,0
19792,1
19793,0
19794,0
19795,0
19796,0
19797,1
19798,0
19799,0
19800,1
19801,1
19802,0
19803,0
19804,0
19805,1
19806,1
19807,1
19808,0
19809,1
19810,1
19811,0
19812,0
19813,1
19814,1
19815,0
19816,0
19817,1
19818,0
19819,1
19820,1
19821,1
19822,1
19823,1
19824,0
19825,0
19826,1
19827,0
19828,1
19829,1
19830,1
19831,0
19832,0
19833,1
19834,1
19835,0
19836,0
19837,0
19838,0
19839,1
19840,1
19841,1
19842,0
19843,0
19844,0
19845,0
19846,1
19847,0
19848,0
19849,0
19850,0
19851,0
19852,0
19853,0
19854,1
19855,1
19856,1
19857,0
19858,1
19859,0
19860,0
19861,1
19862,0
19863,1
19864,0
19865,0
19866,1
19867,0
19868,0
19869,1
19870,0
19871,1
19872,0
19873,0
19874,1
19875,0
19876,1
19877,1
19878,1
19879,0
19880,1
19881,1
19882,1
19883,1
19884,0
19885,1
19886,0
19887,0
19888,0
19889,0
19890,0
19891,1
19892,1
19893,1
19894,0
19895,0
19896,0
19897,0
19898,0
19899,1
19900,0
19901,0
19902,0
19903,1
19904,0
19905,1
19906,0
19907,1
19908,0
19909,0
19910,1
19911,0
19912,0
19913,1
19914,0
19915,0
19916,1
19917,0
19918,1
19919,0
19920,1
19921,1
19922,0
19923,0
19924,0
19925,0
19926,0
19927,0
19928,0
19929,1
19930,0
19931,1
19932,0
19933,1
19934,1
19935,0
19936,0
19937,0
19938,0
19939,1
19940,0
19941,0
19942,0
19943,1
19944,0
19945,0
19946,0
19947,0
19948,0
19949,0
19950,1
19951,1
19952,1
19953,1
19954,0
19955,0
19956,1
19957,0
19958,0
19959,0
19960,0
19961,0
19962,1
19963,0
19964,1
19965,0
19966,0
19967,0
19968,1
19969,0
19970,0
19971,1
19972,1
19973,1
19974,0
19975,0
19976,0
19977,0
19978,1
19979,0
19980,1
19981,0
19982,0
19983,0
19984,0
19985,1
19986,1
19987,1
19988,1
19989,0
19990,0
19991,0
19992,0
19993,0
19994,0
19995,1
19996,1
19997,1
19998,0
19999,0
20000,0
20001,0
20002,0
20003,0
20004,0
20005,1
20006,0
20007,1
20008,0
20009,1
20010,0
20011,1
20012,0
20013,0
20014,0
20015,0
20016,0
20017,0
20018,0
20019,1
20020,0
20021,1
20022,0
20023,0
20024,0
20025,0
20026,0
20027,0
20028,0
20029,1
20030,1
20031,1
20032,0
20033,1
20034,1
20035,0
20036,1
20037,0
20038,0
20039,1
20040,1
20041,1
20042,0
20043,1
20044,0
20045,0
20046,1
20047,1
20048,0
20049,0
20050,0
20051,0
20052,0
20053,1
20054,1
20055,0
20056,0
20057,0
20058,0
20059,0
20060,1
20061,0
20062,0
20063,0
20064,0
20065,0
20066,0
20067,1
20068,0
20069,1
20070,1
20071,1
20072,0
20073,0
20074,1
20075,1
20076,1
20077,0
20078,1
20079,0
20080,1
20081,0
20082,0
20083,0
20084,1
20085,1
20086,0
20087,1
20088,0
20089,0
20090,0
20091,0
20092,0
20093,1
20094,1
20095,1
20096,0
20097,1
20098,1
20099,0
20100,0
20101,1
20102,0
20103,0
20104,0
20105,1
20106,0
20107,0
20108,0
20109,0
20110,0
20111,1
20112,0
20113,1
20114,0
20115,1
20116,1
20117,0
20118,0
20119,1
20120,0
20121,1
20122,0
20123,1
20124,1
20125,0
20126,1
20127,1
20128,0
20129,1
20130,1
20131,0
20132,0
20133,1
20134,1
20135,1
20136,0
20137,0
20138,0
20139,0
20140,1
20141,1
20142,1
20143,0
20144,0
20145,0
20146,0
20147,0
20148,0
20149,1
20150,1
20151,1
20152,0
20153,0
20154,0
20155,0
20156,1
20157,1
20158,0
20159,1
20160,1
20161,0
20162,0
20163,1
20164,0
20165,1
20166,0
20167,0
20168,1
20169,0
20170,1
20171,0
20172,1
20173,1
20174,1
20175,1
20176,0
20177,0
20178,1
20179,1
20180,1
20181,0
20182,1
20183,0
20184,0
20185,1
20186,1
20187,0
20188,0
20189,1
20190,0
20191,0
20192,1
20193,1
20194,0
20195,0
20196,0
20197,1
20198,0
20199,0
20200,0
20201,0
20202,1
20203,0
20204,0
20205,1
20206,1
20207,1
20208,0
20209,0
20210,1
20211,0
20212,0
20213,0
20214,0
20215,0
20216,0
20217,1
20218,0
20219,0
20220,0
20221,1
20222,0
20223,1
20224,0
20225,1
20226,1
20227,0
20228,0
20229,1
20230,1
20231,0
20232,0
20233,1
20234,0
20235,0
20236,0
20237,0
20238,0
20239,1
20240,1
20241,0
20242,0
20243,0
20244,0
20245,0
20246,1
20247,0
20248,0
20249,0
20250,0
20251,0
20252,0
20253,0
20254,0
20255,0
20256,0
20257,0
20258,1
20259,0
20260,1
20261,0
20262,0
20263,0
20264,0
20265,1
20266,0
20267,0
20268,0
20269,0
20270,1
20271,0
20272,1
20273,0
20274,0
20275,0
20276,1
20277,0
20278,1
20279,0
20280,0
20281,0
20282,1
20283,0
20284,0
20285,1
20286,1
20287,0
20288,0
20289,1
20290,1
20291,0
20292,0
20293,1
20294,0
20295,0
20296,0
20297,1
20298,1
20299,0
20300,1
20301,0
20302,0
20303,0
20304,0
20305,0
20306,0
20307,0
20308,1
20309,1
20310,0
20311,1
20312,0
20313,1
20314,0
20315,1
20316,0
20317,1
20318,1
20319,1
20320,0
20321,1
20322,0
20323,0
20324,0
20325,1
20326,1
20327,1
20328,0
20329,1
20330,1
20331,0
20332,1
20333,1
20334,0
20335,0
20336,1
20337,1
20338,1
20339,0
20340,0
20341,0
20342,0
20343,1
20344,1
20345,1
20346,0
20347,0
20348,0
20349,0
20350,0
20351,1
20352,0
20353,0
20354,0
20355,0
20356,0
20357,0
20358,1
20359,0
20360,0
20361,0
20362,0
20363,0
20364,1
20365,1
20366,1
20367,0
20368,1
20369,1
20370,0
20371,0
20372,0
20373,0
20374,0
20375,0
20376,0
20377,1
20378,1
20379,1
20380,1
20381,1
20382,1
20383,0
20384,1
20385,1
20386,1
20387,0
20388,0
20389,1
20390,0
20391,1
20392,1
20393,1
20394,0
20395,1
20396,1
20397,0
20398,0
20399,1
20400,1
20401,0
20402,1
20403,1
20404,1
20405,0
20406,1
20407,0
20408,0
20409,0
20410,1
20411,1
20412,0
20413,1
20414,1
20415,1
20416,1
20417,0
20418,1
20419,0
20420,0
20421,1
20422,1
20423,0
20424,0
20425,0
20426,0
20427,1
20428,0
20429,1
20430,0
20431,0
20432,0
20433,0
20434,0
20435,1
20436,1
20437,0
20438,1
20439,1
20440,0
20441,0
20442,0
20443,1
20444,0
20445,1
20446,0
20447,0
20448,0
20449,1
20450,0
20451,1
20452,1
20453,1
20454,0
20455,1
20456,1
20457,0
20458,0
20459,0
20460,0
20461,1
20462,0
20463,1
20464,0
20465,1
20466,0
20467,1
20468,1
20469,0
20470,0
20471,0
20472,0
20473,0
20474,1
20475,0
20476,0
20477,0
20478,1
20479,1
20480,0
20481,0
20482,1
20483,1
20484,0
20485,0
20486,1
20487,1
20488,1
20489,1
20490,1
20491,0
20492,1
20493,0
20494,1
20495,0
20496,1
20497,0
20498,1
20499,1
20500,0
20501,0
20502,1
20503,1
20504,1
20505,1
20506,1
20507,0
20508,0
20509,1
20510,0
20511,0
20512,1
20513,0
20514,1
20515,0
20516,1
20517,0
20518,0
20519,1
20520,1
20521,1
20522,1
20523,0
20524,0
20525,1
20526,0
20527,0
20528,0
20529,0
20530,1
20531,0
20532,0
20533,1
20534,1
20535,0
20536,0
20537,1
20538,1
20539,0
20540,1
20541,0
20542,0
20543,0
20544,0
20545,1
20546,0
20547,0
20548,0
20549,0
20550,1
20551,1
20552,1
20553,0
20554,0
20555,1
20556,0
20557,0
20558,1
20559,1
20560,0
20561,0
20562,1
20563,0
20564,0
20565,0
20566,0
20567,0
20568,0
20569,0
20570,1
20571,1
20572,1
20573,1
20574,1
20575,0
20576,0
20577,0
20578,1
20579,0
20580,1
20581,1
20582,0
20583,0
20584,0
20585,0
20586,0
20587,0
20588,1
20589,0
20590,1
20591,1
20592,0
20593,1
20594,1
20595,0
20596,0
20597,0
20598,0
20599,0
20600,0
20601,1
20602,1
20603,0
20604,0
20605,0
20606,0
20607,1
20608,0
20609,0
20610,0
20611,0
20612,1
20613,0
20614,0
20615,0
20616,0
20617,0
20618,1
20619,1
20620,0
20621,0
20622,1
20623,0
20624,0
20625,0
20626,0
20627,0
20628,1
20629,1
20630,1
20631,0
20632,0
20633,1
20634,1
20635,1
20636,0
20637,1
20638,0
20639,0
20640,0
20641,0
20642,1
20643,1
20644,1
20645,1
20646,0
20647,1
20648,1
20649,0
20650,0
20651,0
20652,0
20653,0
20654,0
20655,0
20656,0
20657,0
20658,1
20659,1
20660,0
20661,1
20662,1
20663,0
20664,1
20665,1
20666,0
20667,0
20668,0
20669,1
20670,0
20671,0
20672,0
20673,1
20674,0
20675,0
20676,0
20677,0
20678,0
20679,0
20680,1
20681,0
20682,0
20683,0
20684,0
20685,0
20686,0
20687,1
20688,0
20689,1
20690,0
20691,1
20692,1
20693,1
20694,0
20695,0
20696,1
20697,0
20698,0
20699,0
20700,1
20701,1
20702,1
20703,1
20704,1
20705,1
20706,0
20707,0
20708,0
20709,0
20710,0
20711,0
20712,0
20713,1
20714,0
20715,0
20716,0
20717,0
20718,0
20719,1
20720,1
20721,1
20722,0
20723,1
20724,0
20725,0
20726,1
20727,1
20728,0
20729,1
20730,0
20731,0
20732,0
20733,0
20734,1
20735,0
20736,0
20737,0
20738,0
20739,0
20740,0
20741,0
20742,0
20743,0
20744,1
20745,1
20746,0
20747,0
20748,0
20749,0
20750,0
20751,0
20752,0
20753,0
20754,0
20755,0
20756,0
20757,1
20758,0
20759,0
20760,0
20761,0
20762,1
20763,0
20764,1
20765,0
20766,0
20767,1
20768,0
20769,1
20770,1
20771,1
20772,1
20773,0
20774,1
20775,0
20776,0
20777,1
20778,1
20779,1
20780,0
20781,0
20782,1
20783,1
20784,0
20785,0
20786,1
20787,1
20788,0
20789,0
20790,0
20791,0
20792,0
20793,0
20794,1
20795,1
20796,0
20797,0
20798,1
20799,0
20800,0
20801,1
20802,1
20803,0
20804,0
20805,1
20806,0
20807,0
20808,0
20809,0
20810,1
20811,1
20812,0
20813,0
20814,1
20815,0
20816,0
20817,1
20818,0
20819,0
20820,0
20821,1
20822,0
20823,1
20824,1
20825,1
20826,0
20827,1
20828,0
20829,0
20830,0
20831,0
20832,0
20833,0
20834,0
20835,1
20836,1
20837,0
20838,1
20839,1
20840,1
20841,1
20842,1
20843,0
20844,0
20845,0
20846,0
20847,1
20848,1
20849,1
20850,1
20851,1
20852,0
20853,1
20854,1
20855,1
20856,0
20857,1
20858,1
20859,0
20860,0
20861,1
20862,0
20863,0
20864,0
20865,1
20866,0
20867,0
20868,1
20869,0
20870,0
20871,1
20872,0
20873,0
20874,1
20875,0
20876,0
20877,1
20878,0
20879,0
20880,0
20881,0
20882,0
20883,1
20884,1
20885,0
20886,0
20887,0
20888,1
20889,0
20890,0
20891,0
20892,0
20893,0
20894,0
20895,1
20896,0
20897,1
20898,0
20899,0
20900,0
20901,0
20902,0
20903,1
20904,1
20905,1
20906,0
20907,0
20908,0
20909,0
20910,0
20911,0
20912,1
20913,0
20914,0
20915,1
20916,1
20917,0
20918,0
20919,1
20920,1
20921,0
20922,1
20923,0
20924,0
20925,1
20926,0
20927,1
20928,1
20929,0
20930,1
20931,1
20932,0
20933,0
20934,1
20935,0
20936,0
20937,0
20938,1
20939,0
20940,1
20941,0
20942,1
20943,0
20944,0
20945,1
20946,0
20947,0
20948,0
20949,0
20950,0
20951,0
20952,0
20953,1
20954,0
20955,0
20956,1
20957,0
20958,1
20959,0
20960,1
20961,0
20962,0
20963,0
20964,0
20965,1
20966,1
20967,0
20968,0
20969,0
20970,0
20971,1
20972,1
20973,1
20974,0
20975,1
20976,1
20977,1
20978,0
20979,0
20980,0
20981,0
20982,0
20983,0
20984,0
20985,0
20986,1
20987,1
20988,1
20989,0
20990,1
20991,1
20992,0
20993,0
20994,1
20995,0
20996,0
20997,0
20998,0
20999,0
21000,1
21001,1
21002,0
21003,0
21004,0
21005,0
21006,0
21007,1
21008,1
21009,0
21010,1
21011,1
21012,0
21013,1
21014,0
21015,1
21016,0
21017,0
21018,0
21019,0
21020,0
21021,1
21022,0
21023,0
21024,0
21025,0
21026,0
21027,0
21028,1
21029,0
21030,0
21031,0
21032,0
21033,1
21034,0
21035,0
21036,0
21037,1
21038,1
21039,1
21040,0
21041,0
21042,1
21043,0
21044,0
21045,0
21046,0
21047,1
21048,0
21049,0
21050,0
21051,0
21052,0
21053,1
21054,1
21055,1
21056,0
21057,0
21058,1
21059,0
21060,0
21061,0
21062,0
21063,0
21064,0
21065,0
21066,0
21067,0
21068,0
21069,0
21070,0
21071,1
21072,0
21073,0
21074,1
21075,1
21076,1
21077,1
21078,0
21079,1
21080,1
21081,0
21082,1
21083,0
21084,0
21085,0
21086,0
21087,0
21088,0
21089,1
21090,0
21091,0
21092,0
21093,1
21094,1
21095,0
21096,0
21097,0
21098,1
21099,0
21100,1
21101,0
21102,0
21103,0
21104,1
21105,0
21106,0
21107,1
21108,0
21109,1
21110,0
21111,0
21112,0
21113,1
21114,0
21115,0
21116,0
21117,0
21118,0
21119,0
21120,0
21121,0
21122,1
21123,0
21124,0
21125,1
21126,1
21127,0
21128,0
21129,1
21130,1
21131,0
21132,1
21133,0
21134,0
21135,0
21136,1
21137,0
21138,1
21139,1
21140,1
21141,1
21142,1
21143,0
21144,0
21145,1
21146,0
21147,1
21148,1
21149,1
21150,0
21151,0
21152,0
21153,0
21154,0
21155,0
21156,1
21157,1
21158,0
21159,0
21160,0
21161,0
21162,0
21163,1
21164,0
21165,0
21166,0
21167,0
21168,1
21169,1
21170,0
21171,1
21172,1
21173,1
21174,0
21175,1
21176,0
21177,0
21178,0
21179,0
21180,0
21181,0
21182,0
21183,0
21184,0
21185,1
21186,1
21187,1
21188,0
21189,0
21190,1
21191,1
21192,1
21193,0
21194,0
21195,1
21196,0
21197,1
21198,0
21199,0
21200,1
21201,1
21202,1
21203,0
21204,0
21205,1
21206,0
21207,0
21208,0
21209,0
21210,1
21211,1
21212,1
21213,1
21214,1
21215,1
21216,1
21217,1
21218,1
21219,0
21220,0
21221,0
21222,0
21223,0
21224,1
21225,1
21226,1
21227,0
21228,0
21229,0
21230,0
21231,0
21232,1
21233,0
21234,0
21235,0
21236,0
21237,0
21238,0
21239,0
21240,0
21241,0
21242,0
21243,1
21244,0
21245,1
21246,0
21247,0
21248,1
21249,1
21250,1
21251,0
21252,1
21253,0
21254,0
21255,1
21256,1
21257,1
21258,1
21259,0
21260,0
21261,0
21262,1
21263,1
21264,0
21265,1
21266,0
21267,1
21268,1
21269,1
21270,1
21271,1
21272,0
21273,0
21274,1
21275,0
21276,1
21277,1
21278,0
21279,0
21280,0
21281,1
21282,0
21283,1
21284,0
21285,1
21286,0
21287,0
21288,0
21289,0
21290,0
21291,0
21292,1
21293,1
21294,0
21295,0
21296,0
21297,1
21298,0
21299,0
21300,0
21301,0
21302,1
21303,0
21304,0
21305,1
21306,0
21307,0
21308,0
21309,1
21310,1
21311,0
21312,1
21313,1
21314,0
21315,1
21316,0
21317,1
21318,0
21319,1
21320,0
21321,0
21322,0
21323,1
21324,1
21325,1
21326,0
21327,0
21328,0
21329,1
21330,1
21331,1
21332,1
21333,1
21334,0
21335,0
21336,1
21337,0
21338,1
21339,0
21340,1
21341,0
21342,1
21343,0
21344,0
21345,1
21346,0
21347,1
21348,0
21349,1
21350,0
21351,0
21352,0
21353,1
21354,0
21355,0
21356,0
21357,1
21358,1
21359,1
21360,1
21361,1
21362,0
21363,0
21364,1
21365,1
21366,1
21367,1
21368,1
21369,0
21370,0
21371,1
21372,0
21373,1
21374,0
21375,1
21376,0
21377,0
21378,0
21379,0
21380,1
21381,1
21382,0
21383,0
21384,0
21385,0
21386,0
21387,0
21388,0
21389,0
21390,0
21391,1
21392,0
21393,1
21394,0
21395,1
21396,0
21397,1
21398,0
21399,0
21400,0
21401,0
21402,0
21403,0
21404,0
21405,0
21406,0
21407,1
21408,1
21409,0
21410,1
21411,1
21412,1
21413,1
21414,1
21415,0
21416,0
21417,1
21418,1
21419,0
21420,0
21421,0
21422,0
21423,0
21424,1
21425,0
21426,0
21427,0
21428,0
21429,0
21430,1
21431,1
21432,1
21433,0
21434,1
21435,0
21436,1
21437,1
21438,1
21439,0
21440,0
21441,1
21442,0
21443,0
21444,1
21445,1
21446,1
21447,0
21448,1
21449,1
21450,1
21451,1
21452,0
21453,1
21454,0
21455,1
21456,0
21457,0
21458,0
21459,0
21460,0
21461,0
21462,0
21463,1
21464,0
21465,0
21466,0
21467,1
21468,0
21469,1
21470,0
21471,1
21472,1
21473,0
21474,1
21475,1
21476,0
21477,0
21478,1
21479,0
21480,0
21481,0
21482,1
21483,0
21484,0
21485,0
21486,0
21487,0
21488,0
21489,0
21490,1
21491,0
21492,0
21493,0
21494,1
21495,0
21496,0
21497,1
21498,1
21499,0
21500,1
21501,1
21502,1
21503,1
21504,0
21505,0
21506,0
21507,0
21508,1
21509,0
21510,0
21511,0
21512,0
21513,0
21514,0
21515,1
21516,1
21517,0
21518,0
21519,1
21520,1
21521,1
21522,0
21523,1
21524,1
21525,0
21526,0
21527,1
21528,0
21529,1
21530,1
21531,0
21532,0
21533,0
21534,0
21535,1
21536,0
21537,0
21538,0
21539,0
21540,0
21541,0
21542,0
21543,1
21544,1
21545,1
21546,0
21547,0
21548,0
21549,0
21550,1
21551,0
21552,0
21553,0
21554,0
21555,1
21556,1
21557,0
21558,1
21559,0
21560,1
21561,0
21562,1
21563,0
21564,0
21565,0
21566,0
21567,0
21568,0
21569,0
21570,0
21571,1
21572,1
21573,0
21574,0
21575,1
21576,0
21577,0
21578,1
21579,0
21580,0
21581,0
21582,0
21583,0
21584,0
21585,1
21586,0
21587,1
21588,0
21589,1
21590,0
21591,1
21592,0
21593,0
21594,0
21595,0
21596,0
21597,0
21598,1
21599,1
21600,0
21601,1
21602,0
21603,0
21604,0
21605,0
21606,0
21607,1
21608,0
21609,1
21610,0
21611,0
21612,0
21613,1
21614,0
21615,1
21616,0
21617,1
21618,0
21619,1
21620,0
21621,0
21622,0
21623,1
21624,1
21625,1
21626,0
21627,0
21628,0
21629,0
21630,0
21631,1
21632,1
21633,1
21634,0
21635,1
21636,1
21637,0
21638,0
21639,0
21640,0
21641,0
21642,0
21643,1
21644,1
21645,0
21646,0
21647,0
21648,0
21649,0
21650,1
21651,0
21652,0
21653,0
21654,0
21655,0
21656,0
21657,1
21658,1
21659,1
21660,1
21661,0
21662,0
21663,0
21664,1
21665,0
21666,0
21667,0
21668,1
21669,1
21670,0
21671,1
21672,1
21673,0
21674,0
21675,0
21676,0
21677,1
21678,1
21679,0
21680,0
21681,0
21682,0
21683,0
21684,0
21685,0
21686,1
21687,0
21688,0
21689,1
21690,0
21691,0
21692,0
21693,1
21694,0
21695,0
21696,0
21697,0
21698,1
21699,0
21700,0
21701,0
21702,0
21703,0
21704,1
21705,1
21706,0
21707,0
21708,0
21709,0
21710,1
21711,0
21712,1
21713,0
21714,0
21715,0
21716,0
21717,1
21718,1
21719,1
21720,0
21721,1
21722,0
21723,0
21724,1
21725,0
21726,0
21727,0
21728,0
21729,0
21730,0
21731,0
21732,0
21733,0
21734,0
21735,1
21736,0
21737,1
21738,0
21739,0
21740,1
21741,0
21742,0
21743,0
21744,1
21745,0
21746,0
21747,0
21748,1
21749,0
21750,1
21751,0
21752,1
21753,0
21754,0
21755,1
21756,1
21757,1
21758,1
21759,0
21760,0
21761,0
21762,1
21763,1
21764,0
21765,0
21766,0
21767,0
21768,0
21769,0
21770,1
21771,0
21772,1
21773,0
21774,1
21775,1
21776,1
21777,1
21778,0
21779,1
21780,1
21781,0
21782,0
21783,0
21784,1
21785,1
21786,1
21787,1
21788,0
21789,1
21790,0
21791,1
21792,0
21793,0
21794,1
21795,0
21796,0
21797,0
21798,1
21799,0
21800,0
21801,1
21802,1
21803,0
21804,1
21805,0
21806,0
21807,0
21808,0
21809,0
21810,0
21811,0
21812,1
21813,0
21814,0
21815,0
21816,1
21817,0
21818,1
21819,0
21820,0
21821,1
21822,1
21823,0
21824,1
21825,0
21826,0
21827,0
21828,0
21829,1
21830,0
21831,1
21832,0
21833,0
21834,1
21835,0
21836,0
21837,0
21838,0
21839,1
21840,1
21841,1
21842,0
21843,1
21844,0
21845,0
21846,0
21847,1
21848,1
21849,0
21850,1
21851,0
21852,1
21853,0
21854,0
21855,0
21856,0
21857,1
21858,0
21859,1
21860,0
21861,0
21862,0
21863,0
21864,0
21865,1
21866,0
21867,0
21868,0
21869,0
21870,0
21871,0
21872,0
21873,0
21874,0
21875,1
21876,0
21877,0
21878,1
21879,1
21880,1
21881,0
21882,1
21883,1
21884,0
21885,1
21886,0
21887,0
21888,0
21889,1
21890,1
21891,1
21892,1
21893,1
21894,0
21895,1
21896,0
21897,0
21898,0
21899,0
21900,1
21901,1
21902,1
21903,1
21904,1
21905,1
21906,0
21907,1
21908,0
21909,1
21910,0
21911,0
21912,1
21913,1
21914,0
21915,0
21916,0
21917,0
21918,1
21919,0
21920,1
21921,0
21922,1
21923,0
21924,0
21925,0
21926,0
21927,0
21928,0
21929,1
21930,0
21931,0
21932,0
21933,1
21934,0
21935,0
21936,0
21937,0
21938,0
21939,1
21940,0
21941,1
21942,0
21943,0
21944,0
21945,1
21946,1
21947,1
21948,1
21949,0
21950,0
21951,0
21952,1
21953,0
21954,0
21955,0
21956,0
21957,1
21958,0
21959,1
21960,0
21961,0
21962,0
21963,0
21964,0
21965,0
21966,1
21967,1
21968,0
21969,0
21970,1
21971,0
21972,0
21973,0
21974,0
21975,1
21976,0
21977,1
21978,0
21979,0
21980,1
21981,0
21982,1
21983,1
21984,1
21985,0
21986,0
21987,0
21988,0
21989,1
21990,0
21991,1
21992,1
21993,1
21994,1
21995,1
21996,0
21997,0
21998,0
21999,1
22000,0
22001,0
22002,1
22003,1
22004,1
22005,0
22006,0
22007,0
22008,0
22009,0
22010,0
22011,0
22012,1
22013,0
22014,0
22015,1
22016,0
22017,1
22018,0
22019,0
22020,1
22021,0
22022,0
22023,0
22024,0
22025,0
22026,0
22027,0
22028,0
22029,0
22030,1
22031,1
22032,0
22033,1
22034,1
22035,0
22036,1
22037,1
22038,0
22039,0
22040,0
22041,1
22042,1
22043,0
22044,0
22045,0
22046,0
22047,1
22048,0
22049,0
22050,0
22051,0
22052,0
22053,1
22054,0
22055,0
22056,1
22057,0
22058,1
22059,0
22060,1
22061,1
22062,1
22063,0
22064,1
22065,1
22066,1
22067,0
22068,1
22069,1
22070,1
22071,1
22072,0
22073,1
22074,1
22075,1
22076,0
22077,0
22078,1
22079,0
22080,1
22081,0
22082,0
22083,0
22084,0
22085,0
22086,1
22087,0
22088,1
22089,0
22090,0
22091,1
22092,1
22093,0
22094,0
22095,0
22096,1
22097,0
22098,0
22099,0
22100,1
22101,0
22102,0
22103,0
22104,0
22105,0
22106,0
22107,1
22108,0
22109,1
22110,0
22111,0
22112,1
22113,0
22114,1
22115,0
22116,0
22117,1
22118,1
22119,0
22120,0
22121,0
22122,0
22123,1
22124,0
22125,0
22126,0
22127,0
22128,1
22129,0
22130,1
22131,0
22132,1
22133,0
22134,0
22135,0
22136,0
22137,1
22138,0
22139,0
22140,1
22141,0
22142,1
22143,0
22144,1
22145,0
22146,0
22147,1
22148,0
22149,1
22150,1
22151,0
22152,0
22153,1
22154,0
22155,1
22156,0
22157,1
22158,0
22159,1
22160,1
22161,0
22162,1
22163,0
22164,1
22165,1
22166,0
22167,0
22168,1
22169,0
22170,1
22171,1
22172,1
22173,0
22174,1
22175,1
22176,1
22177,1
22178,0
22179,1
22180,1
22181,1
22182,0
22183,1
22184,1
22185,0
22186,1
22187,1
22188,0
22189,1
22190,1
22191,1
22192,1
22193,1
22194,0
22195,1
22196,1
22197,1
22198,0
22199,1
22200,1
22201,0
22202,0
22203,0
22204,1
22205,0
22206,1
22207,0
22208,0
22209,0
22210,1
22211,1
22212,0
22213,1
22214,0
22215,1
22216,0
22217,1
22218,0
22219,1
22220,1
22221,0
22222,1
22223,0
22224,0
22225,0
22226,0
22227,1
22228,1
22229,1
22230,0
22231,0
22232,1
22233,1
22234,1
22235,0
22236,0
22237,1
22238,1
22239,1
22240,0
22241,0
22242,1
22243,1
22244,0
22245,0
22246,1
22247,1
22248,0
22249,0
22250,0
22251,1
22252,0
22253,0
22254,0
22255,1
22256,0
22257,0
22258,0
22259,0
22260,0
22261,0
22262,0
22263,1
22264,1
22265,0
22266,1
22267,0
22268,1
22269,1
22270,1
22271,1
22272,0
22273,0
22274,0
22275,0
22276,0
22277,1
22278,0
22279,0
22280,1
22281,0
22282,1
22283,1
22284,1
22285,1
22286,0
22287,0
22288,1
22289,0
22290,0
22291,0
22292,1
22293,0
22294,0
22295,1
22296,1
22297,0
22298,0
22299,0
22300,1
22301,1
22302,1
22303,1
22304,0
22305,1
22306,0
22307,0
22308,1
22309,0
22310,1
22311,1
22312,0
22313,1
22314,1
22315,0
22316,0
22317,0
22318,0
22319,0
22320,1
22321,0
22322,1
22323,1
22324,1
22325,0
22326,0
22327,0
22328,0
22329,1
22330,0
22331,1
22332,0
22333,0
22334,1
22335,0
22336,1
22337,0
22338,0
22339,0
22340,0
22341,1
22342,0
22343,1
22344,0
22345,0
22346,0
22347,1
22348,0
22349,0
22350,0
22351,0
22352,0
22353,0
22354,1
22355,0
22356,0
22357,1
22358,0
22359,0
22360,1
22361,0
22362,1
22363,0
22364,0
22365,1
22366,1
22367,0
22368,0
22369,1
22370,1
22371,0
22372,1
22373,0
22374,0
22375,0
22376,1
22377,0
22378,0
22379,0
22380,0
22381,1
22382,0
22383,1
22384,0
22385,1
22386,0
22387,0
22388,1
22389,0
22390,1
22391,0
22392,1
22393,0
22394,0
22395,0
22396,1
22397,1
22398,0
22399,0
22400,0
22401,0
22402,1
22403,1
22404,1
22405,0
22406,0
22407,0
22408,0
22409,0
22410,1
22411,0
22412,1
22413,0
22414,0
22415,0
22416,0
22417,1
22418,1
22419,0
22420,0
22421,1
22422,1
22423,0
22424,1
22425,0
22426,1
22427,0
22428,0
22429,0
22430,0
22431,1
22432,0
22433,0
22434,0
22435,0
22436,1
22437,0
22438,0
22439,1
22440,0
22441,1
22442,0
22443,1
22444,1
22445,1
22446,0
22447,1
22448,1
22449,1
22450,1
22451,0
22452,0
22453,0
22454,0
22455,1
22456,0
22457,0
22458,1
22459,1
22460,0
22461,0
22462,0
22463,1
22464,1
22465,1
22466,0
22467,0
22468,1
22469,0
22470,0
22471,1
22472,1
22473,0
22474,1
22475,1
22476,0
22477,0
22478,1
22479,1
22480,0
22481,1
22482,1
22483,0
22484,0
22485,0
22486,0
22487,0
22488,1
22489,0
22490,0
22491,0
22492,0
22493,0
22494,0
22495,0
22496,0
22497,1
22498,0
22499,0
22500,0
22501,0
22502,0
22503,0
22504,0
22505,1
22506,0
22507,1
22508,1
22509,0
22510,0
22511,0
22512,0
22513,0
22514,0
22515,1
22516,0
22517,0
22518,1
22519,1
22520,0
22521,1
22522,1
22523,0
22524,0
22525,1
22526,0
22527,0
22528,1
22529,1
22530,1
22531,1
22532,1
22533,0
22534,0
22535,1
22536,0
22537,0
22538,0
22539,0
22540,0
22541,1
22542,1
22543,0
22544,1
22545,0
22546,1
22547,0
22548,0
22549,0
22550,0
22551,0
22552,0
22553,0
22554,0
22555,0
22556,0
22557,0
22558,0
22559,1
22560,0
22561,0
22562,0
22563,1
22564,1
22565,1
22566,0
22567,0
22568,1
22569,0
22570,1
22571,0
22572,1
22573,1
22574,0
22575,0
22576,1
22577,1
22578,0
22579,1
22580,0
22581,1
22582,0
22583,0
22584,0
22585,1
22586,0
22587,1
22588,0
22589,0
22590,1
22591,0
22592,1
22593,0
22594,1
22595,0
22596,0
22597,1
22598,0
22599,0
22600,1
22601,1
22602,0
22603,1
22604,0
22605,0
22606,0
22607,1
22608,0
22609,1
22610,1
22611,1
22612,1
22613,0
22614,0
22615,0
22616,1
22617,0
22618,1
22619,1
22620,0
22621,0
22622,1
22623,0
22624,0
22625,0
22626,0
22627,0
22628,0
22629,1
22630,1
22631,1
22632,1
22633,0
22634,0
22635,0
22636,0
22637,0
22638,0
22639,1
22640,0
22641,0
22642,1
22643,0
22644,0
22645,0
22646,0
22647,0
22648,0
22649,0
22650,0
22651,1
22652,0
22653,0
22654,0
22655,1
22656,0
22657,0
22658,0
22659,0
22660,0
22661,0
22662,0
22663,0
22664,0
22665,1
22666,1
22667,1
22668,1
22669,0
22670,0
22671,0
22672,0
22673,1
22674,1
22675,0
22676,0
22677,0
22678,1
22679,1
22680,1
22681,1
22682,1
22683,1
22684,0
22685,1
22686,0
22687,0
22688,0
22689,0
22690,0
22691,1
22692,0
22693,0
22694,1
22695,0
22696,0
22697,0
22698,1
22699,1
22700,1
22701,1
22702,1
22703,0
22704,1
22705,1
22706,0
22707,0
22708,0
22709,0
22710,0
22711,0
22712,1
22713,1
22714,0
22715,1
22716,1
22717,1
22718,0
22719,0
22720,0
22721,1
22722,0
22723,0
22724,0
22725,0
22726,0
22727,1
22728,0
22729,0
22730,0
22731,1
22732,0
22733,0
22734,1
22735,0
22736,0
22737,1
22738,0
22739,0
22740,0
22741,0
22742,1
22743,1
22744,0
22745,0
22746,1
22747,0
22748,0
22749,0
22750,0
22751,0
22752,0
22753,1
22754,0
22755,1
22756,0
22757,1
22758,0
22759,0
22760,0
22761,1
22762,0
22763,0
22764,0
22765,0
22766,1
22767,1
22768,1
22769,0
22770,1
22771,0
22772,0
22773,1
22774,1
22775,0
22776,0
22777,0
22778,1
22779,1
22780,0
22781,0
22782,1
22783,1
22784,0
22785,0
22786,1
22787,0
22788,0
22789,0
22790,1
22791,0
22792,1
22793,0
22794,1
22795,1
22796,1
22797,0
22798,0
22799,1
22800,0
22801,1
22802,0
22803,0
22804,0
22805,0
22806,0
22807,0
22808,0
22809,0
22810,1
22811,1
22812,0
22813,0
22814,1
22815,0
22816,0
22817,1
22818,1
22819,0
22820,0
22821,1
22822,0
22823,1
22824,0
22825,0
22826,1
22827,1
22828,0
22829,1
22830,0
22831,0
22832,1
22833,0
22834,1
22835,0
22836,1
22837,0
22838,0
22839,1
22840,1
22841,1
22842,0
22843,0
22844,0
22845,1
22846,1
22847,0
22848,0
22849,0
22850,1
22851,0
22852,1
22853,0
22854,1
22855,0
22856,0
22857,0
22858,1
22859,0
22860,0
22861,1
22862,1
22863,0
22864,0
22865,0
22866,0
22867,0
22868,0
22869,0
22870,0
22871,0
22872,0
22873,0
22874,0
22875,1
22876,0
22877,0
22878,1
22879,0
22880,0
22881,0
22882,1
22883,1
22884,0
22885,0
22886,0
22887,0
22888,1
22889,0
22890,1
22891,1
22892,1
22893,1
22894,0
22895,0
22896,1
22897,0
22898,0
22899,0
22900,0
22901,0
22902,0
22903,1
22904,1
22905,1
22906,0
22907,0
22908,0
22909,1
22910,0
22911,0
22912,0
22913,1
22914,0
22915,1
22916,0
22917,1
22918,1
22919,0
22920,0
22921,0
22922,0
22923,0
22924,1
22925,1
22926,1
22927,0
22928,0
22929,0
22930,1
22931,0
22932,0
22933,0
22934,1
22935,1
22936,1
22937,0
22938,0
22939,0
22940,0
22941,0
22942,1
22943,0
22944,0
22945,0
22946,0
22947,0
22948,1
22949,1
22950,0
22951,0
22952,0
22953,0
22954,0
22955,1
22956,0
22957,1
22958,1
22959,1
22960,0
22961,1
22962,0
22963,0
22964,1
22965,0
22966,0
22967,1
22968,0
22969,0
22970,0
22971,0
22972,0
22973,0
22974,0
22975,1
22976,0
22977,1
22978,0
22979,0
22980,1
22981,1
22982,0
22983,1
22984,0
22985,1
22986,0
22987,1
22988,0
22989,1
22990,0
22991,0
22992,0
22993,0
22994,0
22995,0
22996,0
22997,0
22998,1
22999,1
